Workbook

Sheet (총괄)신청내역표
A2: 2026년 디지털새싹 프로그램 운영 사업비 신청내역표
A5: 연번 | B5: 과정 구분 | C5: 학교급 | D5: 교육소양 | E5: 교육 프로그램명 | F5: 단가 기준 신청(제출) 금액(공급대가(부가세 포함) 기준 작성) | M5: 세부 내역 기준 신청(제출) 금액(공급대가(부가세 포함) 기준 작성)
M6: 회 | T6: ※ 사업관리비 및 간접비는 총액 기준 작성 | W6: 합계
F7: 1인 교육단가 (A) | G7: 수업인원(B) * 1개 클래스 기준 예상 평균 | H7: 운영 횟수 (C) | I7: 목표인원 (D=BxC) | J7: 프로그램 운영비 합계 (부가세 포함) (E=AxD) | K7: 수업차시 | L7: 시간당 단가 | M7: 직접비 | V7: 간접비
M8: 사업운영비 | R8: 사업관리비
M9: 시설·장비 임차비 | N9: 재료구입비 | O9: 인쇄·복사·인화· 슬라이드 제작비 (교재) | P9: 외부 전문가 기술 활용비 | Q9: 그 외 운영비 | R9: 인건비 | S9: 사업수당 | T9: 인쇄·복사·인화· 슬라이드 제작비(홍보) | U9: 그 외 관리비
A10: 1 | B10: 기본 | C10: 초저(1~4학년) | D10: 디지털 리터러시 | E10: AI 인터렉티브아트 창작자 | F10: =A프로그램!N27/'(총괄)신청내역표'!I10 -> 136985.7 | G10: 20 | H10: 36 | I10: 660 | J10: =F10*I10 -> 90410560 | K10: 8 | L10: =J10/I10/K10 -> 17123.212 | M10: =A프로그램!N5+A프로그램!N6 -> 3390000 | N10: =A프로그램!N8+A프로그램!N9 -> 13450560 | O10: 0 | P10: =SUM(A프로그램!N12:N16) -> 52360000 | Q10: =SUM(A프로그램!N17:N23) -> 21210000 | R10: =SUM('총 사업비 산출'!N34:N39) -> 104800000 | S10: ='총 사업비 산출'!N40+'총 사업비 산출'!N41 -> 7200000 | T10: ='총 사업비 산출'!N44 -> 3000000 | U10: =SUM('총 사업비 산출'!N42:N43)+'총 사업비 산출'!N45+'총 사업비 산출'!N46 -> 27800000 | V10: 47600000 | W10: =SUM(M10:Q16)+SUM(R10:V10) -> 992320000
A11: 2 | B11: 기본 | C11: 초고(5~6학년) | D11: 인공지능소양 | E11: AI배달 로봇 엔지니어 | F11: =B프로그램!N26/'(총괄)신청내역표'!I11 -> 183178.56 | G11: 20 | H11: 36 | I11: 720 | J11: =F11*I11 -> 131888560 | K11: 8 | L11: =J11/I11/K11 -> 22897.319 | M11: =B프로그램!N5 -> 2880000 | N11: =B프로그램!N8+B프로그램!N9 -> 63118560 | O11: 0 | P11: =SUM(B프로그램!N12:N16) -> 44680000 | Q11: =SUM(B프로그램!N17:N23) -> 21210000
A12: 3 | B12: 기본 | C12: 다문화 | D12: 인공지능소양 | E12: 다문화 AI 큐레이터 | F12: =C프로그램!N26/'(총괄)신청내역표'!I12 -> 155839.27 | G12: 20 | H12: 36 | I12: 600 | J12: =F12*I12 -> 93503560 | K12: 8 | L12: =J12/I12/K12 -> 19479.908 | M12: =C프로그램!N5 -> 2880000 | N12: =C프로그램!N8+C프로그램!N9 -> 16233560 | O12: 0 | P12: =SUM(C프로그램!N12:N16) -> 52360000 | Q12: =SUM(C프로그램!N17:N23) -> 22030000
A13: 4 | B13: 기본 | C13: 중등 | D13: 인공지능소양 | E13: 재난안전 AI로봇 운용관 | F13: =D프로그램!N26/'(총괄)신청내역표'!I13 -> 181818.2 | G13: 20 | H13: 36 | I13: 800 | J13: =F13*I13 -> 145454560 | K13: 8 | L13: =J13/I13/K13 -> 22727.275 | M13: =D프로그램!N5 -> 2880000 | N13: =D프로그램!N8+D프로그램!N9 -> 68184560 | O13: 0 | P13: =SUM(D프로그램!N12:N16) -> 52360000 | Q13: =SUM(D프로그램!N17:N23) -> 22030000
A14: 5 | B14: 기본 | C14: 중등 | D14: 데이터소양 | E14: AI데이터 분석관 | F14: =E프로그램!N26/'(총괄)신청내역표'!I14 -> 147180.56 | G14: 20 | H14: 36 | I14: 640 | J14: =F14*I14 -> 94195560 | K14: 8 | L14: =J14/I14/K14 -> 18397.57 | M14: =E프로그램!N5+E프로그램!N6 -> 3110000 | N14: =E프로그램!N8+E프로그램!N9 -> 16695560 | O14: 0 | P14: =SUM(E프로그램!N12:N16) -> 52360000 | Q14: =SUM(E프로그램!N17:N23) -> 22030000
A15: 6 | B15: 특화(AI 특화) | C15: 고등 | D15: 인공지능소양 | E15: 강화학습 자율주행AI 개발자(Sim2Real) | F15: =F프로그램!N26/'(총괄)신청내역표'!I15 -> 303815.71 | G15: 15 | H15: 37 | I15: 420 | J15: =F15*I15 -> 1.276026e+08 | K15: 12 | L15: =J15/I15/K15 -> 25317.976 | M15: =F프로그램!N5+F프로그램!N6+F프로그램!N7 -> 5610000 | N15: =F프로그램!N8+F프로그램!N9 -> 43382600 | O15: 0 | P15: =SUM(F프로그램!N12:N16) -> 55160000 | Q15: =SUM(F프로그램!N17:N23) -> 23450000
A16: 7 | B16: 특화(AI 특화) | C16: 고등 | D16: 인공지능소양 | E16: 피지컬AI 어플리케이션 개발자 | F16: =G프로그램!N27/'(총괄)신청내역표'!I16 -> 330179.44 | G16: 15 | H16: 36 | I16: 360 | J16: =F16*I16 -> 118864600 | K16: 12 | L16: =J16/I16/K16 -> 27514.954 | M16: =G프로그램!N5+G프로그램!N6+G프로그램!N7+G프로그램!N8 -> 5800000 | N16: =G프로그램!N9+G프로그램!N10 -> 35634600 | O16: 0 | P16: =SUM(G프로그램!N13:N17) -> 53980000 | Q16: =SUM(G프로그램!N18:N24) -> 23450000
A17: 합계 및 평균 | F17: =AVERAGE(F10:F16) -> 205571.06 | G17: =SUM(G10:G16) -> 130 | H17: =SUM(H10:H16) -> 253 | I17: =SUM(I10:I16) -> 4200 | J17: =SUM(J10:J16) -> 801920000 | K17: =SUM(K10:K16) -> 64 | L17: =AVERAGE(L10:L16) -> 21922.602 | M17: =SUM(M10:M16) -> 26550000 | N17: =SUM(N10:N16) -> 256700000 | O17: =SUM(O10:O16) -> 0 | P17: =SUM(P10:P16) -> 363260000 | Q17: =SUM(Q10:Q16) -> 155410000 | R17: =R10 -> 104800000 | S17: =S10 -> 7200000 | T17: =T10 -> 3000000 | U17: =U10 -> 27800000 | V17: =V10 -> 47600000 | W17: =SUM(W10:W16) -> 992320000

Sheet (공통)_강사료 지급 기준 및 명단
B1: 강사료 지급 기준 및 참여 명단
B3: 1. 지급 기준
B4: 구분 | C4: 주강사 | F4: 보조강사 | I4: 단기인력(안전관리 포함) | L4: 외부 전문가
B5: 등급 | C5: 적용대상 | D5: 시간당 금액 | E5: 수업 1회 최대 지급액 | F5: 적용대상 | G5: 시간당 금액 | H5: 수업 1회 최대 지급액 | I5: 적용대상 | J5: 시간당 금액 | K5: 수업 1회 최대 지급액 | L5: 적용대상 | M5: 시간당 금액 | N5: 수업 1회 최대 지급액
B6: 가 | C6: - 교사, 방과후전문강사, 교수, 기업소속 전문가 - 위 모두 기존 디지털새싹 또는 유사 강의 2 클래스 이상 주강사로 참여했거나, AI융합대학원 졸업 또는 재학중인 자 | D6: 100000 | E6: 300000 | F6: - 교사, 방과후전문강사, 교수, 기업소속 전문가 - 위 모두 기존 디지털새싹 또는 유사 강의 2 클래스 이상 보조강사로 참여했거나, AI융합대학원 졸업 또는 재학중인 자 | G6: 60000 | H6: 180000 | I6: 교사, 방과후 전문강사 | J6: 20000 | K6: 60000 | L6: 컴퓨터 관련 전공 박사이상, 정보관련 교사 경력 20년 이상 또는 부장, 대학 전임교원 이상, 기업체소속 전문가(책임연구원 이상) | M6: 회 | N6: 1000000
B7: 나 | C7: - 교사, 방과후전문강사, 교수, 기업소속 전문가 - 단, 위 모두 인하대 디지털새싹에서 진행하는 강사교육 4시간이상 수료자로 소정의 대면 평가를 통과한 자 | D7: 75000 | E7: 300000 | F7: - 교사, 방과후전문강사, 기업소속 전문가 - 단, 위 모두 인하대 디지털새싹에서 진행하는 강사교육 4시간이상 수료자 | G7: 45000 | H7: 180000 | I7: 일반인, 대학원생, 대학생 | J7: 15000 | K7: 60000 | L7: 컴퓨터 관련 전공 석사이상, 정보관련 교사, 연구원(책임급 미만) | M7: 400000 | N7: 800000
B8: 다 | C8: - 대학생, 대학원생(석박사과정 포함) - 단, 위 모두 강사교육 4시간 이상 수료자로 보조강사로 2클래스 이상 참여한 자 | D8: 50000 | E8: 300000 | F8: - 대학생, 대학원생(석박사과정 포함) - 단, 위 모두 강사교육 8시간 이상 수료자 | G8: 30000 | H8: 180000
B10: 2. 강사진 및 전문가 구성 명단
B11: ※ 칸이 부족할 경우 아래로 추가하여 작성
B12: 연번 | C12: 참여 구분 | D12: 참여 프로그램 | E12: 등급 | F12: 강사명 (가나다순) | G12: 생년월일 | H12: 소속 | J12: 최종학력(졸업기준) | M12: 관련 자격증 (취득일자) | N12: 해당분야 경력(년) | O12: 활동 가능 권역 | P12: 관련 주요 경력 | Q12: 총 투입시간 | R12: 확정여부
H13: 기관명 | I13: 직위 | J13: 학교명 | K13: 구분 | L13: 전공
B14: 1 | C14: 주강사 | D14: 페트병의 모래를 흔들어라 - 에너지 ON | E14: 가 | F14: 김세호 | G14: 19730325 | H14: 광성중학교 | I14: 교사 | J14: 인하대학교 교육대학원 | K14: 석사 | L14: AI융합교육 | M14: 정교사 1정 자격증 | N14: 26 | O14: 서울 인천지역 | P14: 인하대 잡스의 차고캠프 강사(23~현재), 인하대학교 교육학과 겸임교수(22~현재) | Q14: 8 | R14: 확정
B15: 2 | C15: 주강사 | D15: 페트병의 모래를 흔들어라 - 에너지 ON | E15: 나 | F15: 임채용 | G15: 19750722 | H15: 명신여자고등학교 | I15: 교사 | J15: 성균관대학교 물리학과 | K15: 학사 | L15: 물리학 (인공지능융합 대학원 이수중) | M15: - | N15: 6 | O15: 서울 인천지역 | P15: 인공지능 융합 선도학교/중심학교 담당 부장 | Q15: 8 | R15: 확정
B16: 3 | C16: 주강사 | D16: 페트병의 모래를 흔들어라 - 에너지 ON | E16: 가 | F16: 박종화 | G16: 19750105 | H16: 옥련중학교 | I16: 교사 | J16: 금오공과대학교 | K16: 학사 | L16: 산업공학과 | M16: - | N16: 24 | O16: 서울 인천지역 | P16: 인하대 잡스의 차고캠프 강사(23~현재), 인하대학원 AI융합대학원 재중 | Q16: 8 | R16: 확정
B17: 4 | C17: 보조강사 | D17: 페트병의 모래를 흔들어라 - 에너지 ON | E17: 가 | F17: 오상희 | G17: 19670217 | H17: 서울대학교사범대학부설중학교 | I17: 교사 | J17: 성균관대학교 | K17: 석사 | L17: 인공지능융합교육, 컴퓨터교육 | M17: 정보컴퓨터(1998.2.23.) | N17: 31 | O17: 서울 인천지역 | P17: 서울대학교사범대학부설중학교('23~현재) 서울대학교사범대학부설고등학교('15~'23) 숨문고등학교('99~'15) | Q17: 8 | R17: 확정
B18: 5 | C18: 주강사 | D18: 페트병의 모래를 흔들어라 - 에너지 ON | E18: 나 | F18: 이선주 | G18: 19831207 | H18: 언남중학교 | I18: 교사 | J18: 경기대 교육대학원 | K18: 석사 | L18: 기술교육 | M18: 중등1급정교사 2019년 9월15일 | N18: 10 | O18: 서울 인천지역 | P18: 인하대 잡스의 차고캠프 강사(23~현재) | Q18: 8 | R18: 확정
B19: 6 | C19: 주강사 | D19: 페트병의 모래를 흔들어라 - 에너지 ON | E19: 가 | F19: 유경윤 | G19: 19840423 | H19: 인천부내초등학교 | I19: 교사 | J19: 인하대학교 교육대학원 | K19: 석사 | L19: AI융합교육 | M19: - | N19: 16 | O19: 서울 인천지역 | P19: 인하대 잡스의 차고캠프 강사(23~현재) 20-21년 초등 블랜디드수업 지원단 20~23년 정보교육지원단 디지털 선도학교 터치교사단 대표교원 2023 AIEDAP 마스터교원 | Q19: 8 | R19: 확정
B20: 7 | C20: 주강사 | D20: 페트병의 모래를 흔들어라 - 에너지 ON | E20: 가 | F20: 이정한 | G20: 19890527 | H20: 인천이음초등학교 | I20: 교사 | J20: 인하대학교 교육대학원 | K20: 석사 | L20: AI융합교육 | M20: AI융합대학원 석사 | N20: 6 | O20: 서울 인천지역 | P20: 인하대 잡스의 차고캠프 강사(23~현재) | Q20: 8 | R20: 확정
B21: 8 | C21: 보조강사 | D21: 페트병의 모래를 흔들어라 - 에너지 ON | E21: 가 | F21: 김병욱 | G21: 19770622 | H21: 인천금융고등학교 | I21: 교사 | J21: 건국대학교 교육대학원 | K21: 석사 | L21: 미술교육 | M21: 중등학교정교사(1급) 미술(20190411) | N21: 21 | O21: 서울 인천지역 | P21: (주)교학사 편집3부('08~'11년) 중등예술영재교육원 예술영재학급 미술강사('18~22년) 경희대학교 교육대학원 겸임교수('22년) 안산본오중, 인하사대부중, 정석항공과학고, 인천금융고('11~현재) 인하대 잡스의 차고캠프 강사(23~현재) | Q21: 8 | R21: 확정
B22: 9 | C22: 보조강사 | D22: 페트병의 모래를 흔들어라 - 에너지 ON | E22: 가 | F22: 남혜진 | G22: 19770428 | H22: 부흥중학교 | I22: 교사 | J22: 인하대학교 교육대학원 | K22: 석사 | L22: AISTEAM교육 | M22: 중등정교사 1금 | N22: 11 | O22: 서울 인천지역 | P22: 인하대 잡스의 차고캠프 강사(23~현재) | Q22: 8 | R22: 확정
B23: 10 | C23: 보조강사 | D23: 페트병의 모래를 흔들어라 - 에너지 ON | E23: 가 | F23: 우민경 | G23: 19900905 | H23: 서울가락초 | I23: 교사 | J23: 서울교육대학교 교육대학원 | K23: 석사 | L23: 국제사회문화교육 | M23: 교원자격증 2013년 2월 | N23: 11 | O23: 서울 인천지역 | P23: 인하대 잡스의 차고캠프 강사 22~현재 | Q23: 8 | R23: 확정
B24: 11 | C24: 주강사 | D24: 인터랙티브 모션아트 : AI응용 체험교실 | E24: 가 | F24: 장희욱 | G24: 19901123 | H24: 인천초은중학교 | I24: 교사 | J24: 인하대학교 교육대학원 | K24: 석사 | L24: AI융합교육 | M24: - | N24: 7 | O24: 서울 인천지역 | P24: 인하대 잡스의 차고캠프 강사(23~현재) | Q24: 8 | R24: 확정
B25: 12 | C25: 주강사 | D25: 인터랙티브 모션아트 : AI응용 체험교실 | E25: 가 | F25: 이우진 | G25: 19760526 | H25: 프리랜서 강사 | I25: 전문강사 | J25: 건국대학교 | K25: 학사 | L25: 전자공학과 | M25: 정보처리기사(2003.6.9) | N25: 30 | O25: 서울 인천지역 | P25: 프로그래밍 동아리 부트 회장 및 강사 역임('96년) 씨컴인터내셔널 개발팀장('00년) 정부프로젝트 DSP를 이용한 MPEG4 코덱개발('01~'02년) 이지엠텍 SW팀('03~'09년) 유니모 SW팀장('09~'13년) 엠이티글로벌 SW팀장('13~'21년) 프리랜서 프로그래밍 강의 및 개발('21~현재) | Q25: 8 | R25: 확정
... B54: 41 | C54: 보조강사 | D54: 광량과 입사각에 따른 태양광 발전효율 선형회귀분석 | E54: 나 | F54: 공예린 | G54: 19980731 | H54: 인천영종초등학교 | I54: 교사 | J54: 경인교육대학교 | K54: 학사 | L54: 초등교육 | M54: AI-900(23.11.11) | N54: 4 | O54: 서울 인천지역 | P54: 인하대 잡스의 차고캠프 강사(23~현재) | Q54: 8 | R54: 확정
B55: 42 | C55: 보조강사 | D55: 광량과 입사각에 따른 태양광 발전효율 선형회귀분석 | E55: 가 | F55: 윤남순 | G55: 19760407 | H55: 한국교육협동조합 | I55: 전문강사 | J55: - | K55: 학사 | L55: 경영학 | M55: 메타버스교육지도사2급(22.06.27)방과후공학코딩지도사2급(22.07.01)방과후창의메이커스지도사(22.07.01)COS2급(22.07.02)드른교육지도사(23.06.19)컴퓨팅사고력보드게임지도사(23.06.19)mblock 파이썬자격증(23.06.30) | N55: - | O55: 서울 인천지역 | P55: 인하대.차융합.재능대.마루한.동양대.하이코두.코코아팹디지털새싹캠프(23~현재),초.중.고4차산업및 창의미래수업(22.10~현재), 진로수업(22.12~현재),디지털배움터강사(22.07~12월) | Q55: 8 | R55: 확정
B56: 43 | C56: 주강사 | D56: 광량과 입사각에 따른 태양광 발전효율 선형회귀분석 | E56: 나 | F56: 육동건 | G56: 19850105 | H56: 단국대학교부속소프트웨어고등학교 | I56: 교사 | J56: 단국대학교 | K56: 학사 | L56: 기계공학과, 컴퓨터교육과 | M56: 20110217 | N56: 13 | O56: 서울 인천지역 | P56: 삼성디스플레이 TV디스플레이개발, 모바일디스플레이 개발('11~`15년) 인하대 잡스의 차고캠프 강사(23~현재) | Q56: 8 | R56: 확정
B57: 44 | C57: 주강사 | D57: 광량과 입사각에 따른 태양광 발전효율 선형회귀분석 | E57: 가 | F57: 이진원 | G57: 19780724 | H57: 동산중학교 | I57: 교사 | J57: 인하대학교 교육대학원 | K57: 석사 | L57: AI융합교육 | M57: 2002년2월30일인사 | N57: 19 | O57: 서울 인천지역 | P57: 인하대잡스의 차고 캠프 강사(현재) | Q57: 8 | R57: 확정
B58: 45 | C58: 보조강사 | D58: 광량과 입사각에 따른 태양광 발전효율 선형회귀분석 | E58: 가 | F58: 김혜련 | G58: 19790714 | H58: 프리랜서 강사 | I58: 전문강사 | J58: 재능대학교 | K58: 학사 | L58: 컴퓨터정보과 | M58: 정보처리기사 (2022년 12월) | N58: 4 | O58: 서울 인천지역 | P58: SW미래채움 강사(20~21년) 디지털배움터(22년) 디지털새싹 재능대(22~23년) 디지털새싹 숙명여대(23년) | Q58: 8 | R58: 확정
B59: 46 | C59: 주강사 | D59: 광량과 입사각에 따른 태양광 발전효율 선형회귀분석 | E59: 가 | F59: 홍승권 | G59: 19870120 | H59: 덕적초등학교 | I59: 교사 | J59: 경인교육대학교 | K59: 학사 | L59: 경인교육대학교 대학원 융합교육전공 수료 | M59: 발명교사인증제 2급 2023년9월 | N59: 6 | O59: 서울 인천지역 | P59: 인하대 잡스의 차고캠프 강사(23~현재 | Q59: 8 | R59: 확정
B60: 47 | C60: 보조강사 | D60: 광량과 입사각에 따른 태양광 발전효율 선형회귀분석 | E60: 나 | F60: 홍순기 | G60: 19891103 | H60: 부평고등학교 | I60: 교사 | J60: 인하대학교 교육대학원 | K60: 석사 | L60: AI융합교육 | M60: - | N60: 3 | O60: 서울 인천지역 | P60: 인하대 잡스의 차고캠프 강사(23~현재) '모든교사를위한인천형인공지능교육' 제작 참여 | Q60: 8 | R60: 확정
B61: 48 | C61: 주강사 | D61: 광량과 입사각에 따른 태양광 발전효율 선형회귀분석 | E61: 가 | F61: 서강식 | G61: 19770226 | H61: 간석여자중학교 | I61: 교사 | J61: 인하대학교 교육대학원 | K61: 석사 | L61: AI융합교육 | M61: 정보처리기사(2001.9.11) | N61: 22 | O61: 서울 인천지역 | P61: 인하대 잡스의 차고캠프 강사(23~현재) AIDAP 마스터교원 | Q61: 8 | R61: 확정
B62: 49 | C62: 주강사 | D62: 광량과 입사각에 따른 태양광 발전효율 선형회귀분석 | E62: 가 | F62: 공민수 | G62: 19810601 | H62: 인천금마초등학교 | I62: 교사 | J62: 경인교육대학교 교육전문대학원 | K62: 석사 | L62: 인공지능융합교육과 | M62: 교원자격증 정교사 1급 (14.8.27) / 교원자격증 정교사 2급 (10.2.9) | N62: 16 | O62: 서울 인천지역 | P62: 수상내역 - 2023 과학기술부 장관상 수상 - 2023 교사 에듀톤 1위 수상 - 2023 교육과정 디자인 교육장상 수상 - 2022 스마트 디바이스 활용 공모전 1위 수상 - 2022 교사 에듀톤 3위 수상 활동 - 인공지능 선도학교 컨설팅단 팀장(22~23) - 디지털교육지원단 AI 분과장(22~23) - ChatGPT 인천가이드라인 초등팀장(23) - 인하대 잡스의 차고캠프 강사(23~현재) | Q62: 8 | R62: 확정
B63: 50 | C63: 주강사 | D63: 광량과 입사각에 따른 태양광 발전효율 선형회귀분석 | E63: 가 | F63: 송정희 | G63: 19740413 | H63: 한국교육협동조합 | I63: 전문강사 | J63: 방송통신대학교, 한국전산원 | K63: 학사 | L63: 청소년교육과 ,정보처리학과 | M63: ITQ(2012), DIAT(2012), MOS(2012),SW1급(2015) | N63: 18 | O63: 서울 인천지역 | P63: 컴퓨터학원 강사(1995-1999) 방과후강사(2011~현재) | Q63: 8 | R63: 확정
B64: 51 | C64: 보조강사 | D64: 장애인 접근성 개선 AIOT 연구 개발 프로젝트-내눈을 따라 다니는 인공지능 | E64: 나 | F64: 이혜정 | G64: 19810224 | H64: 한국교육협동조합 | I64: 전문강사 | J64: 국가평생교육원 | K64: 학사 | L64: 아동학 | M64: 코딩지도사1급(22.0916), cos 엔트리 1급(22.08.13), cdt 스크레치 1급(22.11.04), 메타버스 교육지도사 1급(22.11.07), 인공지능 교육지도사1급(23.03.14), 프롬프트 지도사 자격증(23.11.06), 파이썬 전문가 1급(24.01.08) | N64: 4 | O64: 서울 인천지역 | P64: 방과후 창의코딩('23.04~11),디지털배움터('23.04~11),SW4차산업 출강('22.10~현재) | Q64: 8 | R64: 확정
B65: 52 | C65: 보조강사 | D65: 장애인 접근성 개선 AIOT 연구 개발 프로젝트-내눈을 따라 다니는 인공지능 | E65: 가 | F65: 김미선 | G65: 19840823 | H65: 한국교육협동조합 | I65: 전문강사 | J65: 숭의여자대학 | K65: 학사 | L65: 컴퓨터공학 | M65: 실기교사교원자격증(2008.2,20) | N65: 9 | O65: 서울 인천지역 | P65: 성사고등학교 정보교과 강의(2018년) 영종고등학교 정보교과 강의(2021) 인하대 잡스의 차고캠프 강사(23~현재) | Q65: 8 | R65: 확정
B66: 53 | C66: 보조강사 | D66: 장애인 접근성 개선 AIOT 연구 개발 프로젝트-내눈을 따라 다니는 인공지능 | E66: 나 | F66: 황명균 | G66: 19700915 | H66: 한국교육협동조합 | I66: 전문강사 | J66: 유한대학교 기계공학과 졸업 | K66: 기타 | L66: 기계공학과 | M66: 4차산업지도사1급,코딩지도사1급,인공지능지도사1급 | N66: 11 | O66: 서울 인천지역 | P66: 인하대 찹스의 차고캠프(23~현재), 신기초 코딩부 ('17~'19),평촌초 코딩부('18~'20) | Q66: 8 | R66: 확정
B67: 54 | C67: 보조강사 | D67: 장애인 접근성 개선 AIOT 연구 개발 프로젝트-내눈을 따라 다니는 인공지능 | E67: 가 | F67: 조성경 | G67: 19770211 | H67: 프리랜서 강사 | I67: 전문강사 | J67: 대구대학교 | K67: 석사 | L67: 경영학과 | M67: SW코딩2급(23.7.27)/인공지능교육지도사1급(23.11.1) | N67: 2 | O67: 서울 인천지역 | P67: 인하대 디지털 새싹/삼성 SDS코딩교육/ | Q67: 8 | R67: 확정
B68: 55 | C68: 보조강사 | D68: 장애인 접근성 개선 AIOT 연구 개발 프로젝트-내눈을 따라 다니는 인공지능 | E68: 가 | F68: 이유정 | G68: 19700126 | H68: 한국교육협동조합 | I68: 전문강사 | J68: 배화여자대학교 | K68: 기타 | L68: 의상 | M68: 메타버스교육지도사 1급 : 2022.03.10 Autodesk Certified User : 2021.11.12 4차산업혁명교육지도사 1급 : 2021.02.08 초경량비행장치 조종자 : 2019.10.29 무선조종지도자(드론) 2급 : 2017.06.29 코딩지도사 2급 : 2017.06.29 | N68: 7 | O68: 서울 인천지역 | P68: 인하대 잡스의 차고캠프 강사(`23~현재) 송담초등학교-AIoT 피지컬 컴퓨팅 (`21~`23) 디지털 새싹 강사(`23~현재) 인천재능고-생성형 AI를 활용한 앱인벤터 앱만들기, 아두이노(`22~`23) KH정보교육원-유니티 튜터(`23) 게임문화교실 참여, 하인슈타인 참여(`22~`23) 위즈라이브-데이터 분석 과정, 앱 창작 과정 (`20~현재) SSAFY-게임 코딩 과정/로봇 과정 (`21~`22) 용산꿈나무종합타운, 서초청소년도서관, 인천학나래도서관-메타버스 크리에이터 과정(`21~`23) 그 외 다수 | Q68: 8 | R68: 확정
... B138: 125 | C138: 주강사 | D138: 페트병의 모래를 흔들어라 - 에너지 ON | E138: 나 | F138: 백주열 | G138: 19790930 | H138: 경상권학정초등학교 | I138: 교사 | J138: - | K138: 석사 | L138: 초등교육 | M138: 미래교육에 에듀테크를 더하다(한국교총원격연수원) 디지털기반수업혁신,메타버스(경상권시교육청) 애듀테크,SW-AI 선도교원연수(경상권시교육청) | N138: 23 | O138: 경상권 | P138: - | Q138: 8 | R138: 확정
B139: 126 | C139: 주강사 | D139: 페트병의 모래를 흔들어라 - 에너지 ON | E139: 나 | F139: 이부진 | G139: 19800622 | H139: 경상권용계초등학교 | I139: 교사 | J139: - | K139: 석사 | L139: 영재교육 | M139: 교육부 장관상 수상('23.12.28) | N139: 20 | O139: 경상권 | P139: 에듀테크 활용 가이드집 ('23-'24) AI 코스웨어 활용 가이드집('23-'24)2023 KERIS 공모 AI융합 교사연구회 - 생성형 AI 활용 수업 자료 개발 및 적용 | Q139: 8 | R139: 확정
B140: 127 | C140: 보조강사 | D140: 페트병의 모래를 흔들어라 - 에너지 ON | E140: 나 | F140: 이윤정 | G140: 19770117 | H140: 아인초등학교 | I140: 교사 | J140: - | K140: 석사 | L140: 융합교육 | M140: 교육감 수상 23.12.31. 교육장 수상 24 | N140: 26 | O140: 경기권 | P140: 전국수업연구회 IB 도 연구회 개념기반 탐구수업 공동체 | Q140: 8 | R140: 확정
B141: 128 | C141: 보조강사 | D141: 페트병의 모래를 흔들어라 - 에너지 ON | E141: 나 | F141: 이현정 | G141: 19810117 | H141: 송내고등학교 | I141: 교사 | J141: - | K141: 학사 | L141: 교육학, 국어 | M141: 교육감상(24) | N141: 19 | O141: 경기권 | P141: 전국단위연구회 한국형바칼로레아 /부천연구회 IB, | Q141: 8 | R141: 확정
B142: 129 | C142: 주강사 | D142: 페트병의 모래를 흔들어라 - 에너지 ON | E142: 나 | F142: 조지훈 | G142: 19820628 | H142: 영동중학교 | I142: 교사 | J142: - | K142: 석사 | L142: 기술교육 | M142: 교육부 장관상 수상('24.12.31) | N142: 16 | O142: 경상권 | P142: 정보(2022) 교과서 집필('23)AI융합 교사학습 공동체 - 융합 교육 연구 | Q142: 8 | R142: 확정
B143: 130 | C143: 주강사 | D143: 페트병의 모래를 흔들어라 - 에너지 ON | E143: 나 | F143: 조현규 | G143: 19930910 | H143: 경상중학교 | I143: 교사 | J143: - | K143: 학사 | L143: 역사교육 | M143: 연구부 평가계 창의인성부 창의적체럼활동운영 | N143: 7 | O143: 경상권 | P143: (주)해냄에듀 중학 역사② 에듀테크 활용 자료집 집필(24.7-8) KEDI 연구보고서 AI기반 맞춤형 학습 지원 방향 제시 및 국내 교육정책 동향 분석(24.10)AI융합교육연구회 회원, 교사성장학교 회원 전국단위 에듀테크 교사 연구회 정회원 | Q143: 8 | R143: 확정
B144: 131 | C144: 주강사 | D144: 인터랙티브 모션아트 : AI응용 체험교실 | E144: 가 | F144: 조희정 | G144: 19820211 | H144: 포일초등학교 | I144: 교사 | J144: - | K144: 석사 | L144: Ai창의융합교육 | M144: 하이러닝 활용 수업살계 나눔 공모전 입상(24.12.31). 2022개정교육과정 설계 운영 지원 교육감 표창(24.12.31). 2024대한민국 경제교육대상(24.12.6) | N144: 21 | O144: 경기권 | P144: 아이스크림 학교자율시간워크북(2025), 1-2학년 해양교육교재(2024), 2025 대한민국 미래교육 트렌드 (2024) 책 집필(한걸음 먼저 경제(2024), 슬기로운 소비생활(2023), 용돈잘쓰는법(2023), 우리같이 착한소비(2021) 등)2024 탐국수업공동체 교사단 활동, 에듀테크연구회 활동, 경기권도 경제교육연구회 활동 | Q144: 8 | R144: 확정
B145: 132 | C145: 주강사 | D145: 인터랙티브 모션아트 : AI응용 체험교실 | E145: 나 | F145: 최은화 | G145: 19750507 | H145: 성호초등학교 | I145: 교사 | J145: - | K145: 석사 | L145: 보건교육 | M145: 2022년~현재 지식샘터 강좌 운영, 2024 AIDT 적용 실행연수 강사, 교실혁명 선도교사 | N145: 22 | O145: 경기권 | P145: 교과서 집필(22)학교밖 전문적학습공동체 -에듀테크 | Q145: 8 | R145: 확정
B146: 133 | C146: 보조강사 | D146: 인터랙티브 모션아트 : AI응용 체험교실 | E146: 나 | F146: 호양선 | G146: 19780212 | H146: 배곧중학교 | I146: 교사 | J146: - | K146: 박사 | L146: 교육학 | M146: 교육감(2021). 교육감위촉(2024-2025) | N146: 23 | O146: 경기권 | P146: IB 과제탐구학술논문IB연구회(경기권도교육청).IB연구회(시흥대표).IB 도리더팀 | Q146: 8 | R146: 확정
B147: 134 | C147: 보조강사 | D147: 인터랙티브 모션아트 : AI응용 체험교실 | E147: 나 | F147: 고원상 | G147: 19870516 | H147: 대구서부고등학교 | I147: 교사 | J147: - | K147: 학사 | L147: 영어교육 | M147: 교육부 장관상 수상('24.05.16.) 교육감 표창 ('22.12.31.) | N147: 13 | O147: 경상권 | P147: - | Q147: 8 | R147: 확정
B148: 135 | C148: 보조강사 | D148: 인터랙티브 모션아트 : AI응용 체험교실 | E148: 나 | F148: 권기환 | G148: 19860824 | H148: 산양초등학교 | I148: 교사 | J148: - | K148: 학사 | L148: 과학교육 | M148: 2023 교육혁신 교육부장관 표창 | N148: 14 | O148: 경상권 | P148: - | Q148: 8 | R148: 확정
B149: 136 | C149: 보조강사 | D149: 인터랙티브 모션아트 : AI응용 체험교실 | E149: 나 | F149: 김민지 | G149: 19940204 | H149: 보평초등학교 | I149: 교사 | J149: - | K149: 학사 | L149: 초등교육 | M149: 교육감 표창(2024.12.31), 교육감 표창(2023.12.31) | N149: 9 | O149: 경기권 | P149: 2022 초등 5~6학년군 수학 교과서 집필(디딤돌교육), 경기도 실습중점학교 실습프로그램 개발(24)함께 자라기-수업 전문성 개발, 수업 내일-교육과정 전문성 개발 | Q149: 8 | R149: 확정
B150: 137 | C150: 주강사 | D150: 인터랙티브 모션아트 : AI응용 체험교실 | E150: 나 | F150: 김성환 | G150: 19841128 | H150: 오천초등학교 | I150: 교사 | J150: - | K150: 석사 | L150: 교육학 | M150: 진로상담 전문성 신장(2018~ 경북대학교 상담 석,박사 전문상담교사/2024~ | N150: 13 | O150: 경상권 | P150: 논문: 교사의 소진 경험에 대한 현상학적 연구 (2020, 경북대학교, 김성환)2021~ 경북 교사 인공지능 학습공동체 운영진 | Q150: 8 | R150: 확정
B151: 138 | C151: 보조강사 | D151: 인터랙티브 모션아트 : AI응용 체험교실 | E151: 나 | F151: 김소희 | G151: 19960529 | H151: 빛가람초 | I151: 교사 | J151: - | K151: 학사 | L151: 초등교육과 | M151: 교원디지털교과서200%활용하기(초등)/15차시/전라남도교육청교육연수원 AIEDAP 인공지능 융합수업기초/23차시/중앙교육연수원 하이터치하이테크교육의이해와 활용/5차시/중앙교육연수원 IB프로그램적용개념기반탐구수업설계 직무연수/15차시/전라남도교육청교육연수원 2024 교실혁명 선도교사 양성연수/40차시/한국교육학술정보원종합교육연수원 | N151: 4 | O151: 호남·제주권 | P151: IB 교원 연구회 | Q151: 8 | R151: 확정
B152: 139 | C152: 보조강사 | D152: 인터랙티브 모션아트 : AI응용 체험교실 | E152: 나 | F152: 김수민 | G152: 19951216 | H152: 성남동초등학교 | I152: 교사 | J152: - | K152: 학사 | L152: 초등교육학 | M152: 성남동초등학교 발명센터 담당 및 강사(24~25), 영재학교 강사(24) | N152: 5 | O152: 경기권 | P152: 컴퓨팅교사협회(ATC) 경기남부 연구회 | Q152: 8 | R152: 확정
B153: 140 | C153: 보조강사 | D153: 인터랙티브 모션아트 : AI응용 체험교실 | E153: 나 | F153: 김숙형 | G153: 19760731 | H153: 관천중학교 | I153: 교사 | J153: - | K153: 석사 | L153: 전산교육 | M153: ICT 창업가캠프지도교사상 수상(24.08.) 디지털새싹캠프 강사(22년~24년). | N153: 7 | O153: 경상권 | P153: - | Q153: 8 | R153: 확정
B154: 141 | C154: 보조강사 | D154: 데이터 사이언스랩 - 구름 생성 반응 탐구 | E154: 나 | F154: 김은숙 | G154: 19690212 | H154: 포항이동중학교 | I154: 교사 | J154: - | K154: 학사 | L154: 수학교육 | M154: 경북중등수석교사회 회장 포항시 수학교과연구회 회장(2021-2022) 2024 수학교육 서포터즈 | N154: 35 | O154: 경상권 | P154: 2015 개정교육과정교과서 검정위원(중3수학) 메타버스로 확장하는 메타스쿨(2022,교문사) 학생의변화와 성장을 돕는 수업디자인 (2023, 지식과감성) | Q154: 8 | R154: 확정
B155: 142 | C155: 주강사 | D155: 데이터 사이언스랩 - 구름 생성 반응 탐구 | E155: 나 | F155: 김정철 | G155: 19931130 | H155: 포항제철중학교 | I155: 교사 | J155: - | K155: 학사 | L155: 가정교육 | M155: 경상북도교육감 표창 수상(`22.12.) 교육부 장관상 수상('22.16) | N155: 7 | O155: 경상권 | P155: 경북교육청연구원(2018, 2022) 정책 연구 과제 수행SW-AI교재 개발 연구회 소속 교사, 이러닝세계화 선도교사단 | Q155: 8 | R155: 확정
B156: 143 | C156: 보조강사 | D156: 데이터 사이언스랩 - 구름 생성 반응 탐구 | E156: 나 | F156: 김정효 | G156: 19930817 | H156: 경신고등학교 | I156: 교사 | J156: - | K156: 학사 | L156: 영어교육학 | M156: 교실혁명 선도교사 | N156: 4 | O156: 경상권 | P156: AI디지털 전문학습공동체 참여 | Q156: 8 | R156: 확정
B157: 144 | C157: 보조강사 | D157: 데이터 사이언스랩 - 구름 생성 반응 탐구 | E157: 나 | F157: 김지애 | G157: 19870310 | H157: 화정고등학교 | I157: 교사 | J157: - | K157: 학사 | L157: 수학 | M157: - | N157: 11 | O157: 경기권 | P157: 에듀핏(2023), 디지털 100선(2024)경기 ib연구회, 전국수업평가연구회 | Q157: 8 | R157: 확정
B158: 145 | C158: 보조강사 | D158: 데이터 사이언스랩 - 구름 생성 반응 탐구 | E158: 나 | F158: 김지연 | G158: 19790321 | H158: 대구남명초등학교 | I158: 교사 | J158: - | K158: 석사 | L158: 초등교육 | M158: 2024. 디지털기반 수업혁신 역량강화 연수 강사 2022. EBS AI프로그램 검증 평가단 2022. 대구 진로위기청소년 학교협업 진로교육연구회 운영 2021. 한국과학창의재단 과학교사연구회 운영 2021. 과학교사 안전연수 강사 | N158: 23 | O158: 경상권 | P158: - | Q158: 8 | R158: 확정
B159: 146 | C159: 보조강사 | D159: 데이터 사이언스랩 - 구름 생성 반응 탐구 | E159: 나 | F159: 김진원 | G159: 19900301 | H159: 사창초등학교 | I159: 교사 | J159: - | K159: 석사 | L159: 교육방법 | M159: - | N159: 8 | O159: 경기권 | P159: 디지털 개념체계 연구(22), 디지털 역량 진단문항 개발 연구(23) | Q159: 8 | R159: 확정
B160: 147 | C160: 보조강사 | D160: 데이터 사이언스랩 - 구름 생성 반응 탐구 | E160: 나 | F160: 김태우 | G160: 19831206 | H160: 대구달성초등학교 | I160: 교사 | J160: - | K160: 학사 | L160: 초등교육 | M160: 교육부 장관상 수상('23.12.29) | N160: 17 | O160: 경상권 | Q160: 8 | R160: 확정
B161: 148 | C161: 보조강사 | D161: 데이터 사이언스랩 - 구름 생성 반응 탐구 | E161: 나 | F161: 김한새 | G161: 19940510 | H161: 석적초등학교 | I161: 교사 | J161: - | K161: 학사 | L161: 교육학과 | M161: 교실혁명연수/4시간/주강사,보조강사/창비 에듀테크 사용 연수/2시간/주강사/경상북도 교육청 교실혁명/주강사,보조강사/창비 | N161: 5 | O161: 경상권 | P161: 정보교과연구회 참여 | Q161: 8 | R161: 확정
B162: 149 | C162: 주강사 | D162: 데이터 사이언스랩 - 구름 생성 반응 탐구 | E162: 나 | F162: 김호영 | G162: 19931206 | H162: 빛가람초등학교 | I162: 교사 | J162: - | K162: 학사 | L162: 초등교육과 | M162: 1. 교육부 교실혁명선도교사 멘토 2. 전라남도교육청 및 직속기관 에듀테크 활용 수업 연수 강사 | N162: 7 | O162: 호남·제주권 | P162: 전국단위 수업연구회(영호남AI융합수업연구회) | Q162: 8 | R162: 확정
B163: 150 | C163: 보조강사 | D163: 데이터 사이언스랩 - 구름 생성 반응 탐구 | E163: 나 | F163: 나윤철 | G163: 19891115 | H163: 빛가람초 | I163: 교사 | J163: - | K163: 학사 | L163: 초등교육과 | M163: 교육부 장관상 수상('24.12.27) | N163: 12 | O163: 호남·제주권 | P163: IB 교원 연구회 | Q163: 8 | R163: 확정
B164: 151 | C164: 주강사 | D164: 데이터 기반 컬러인식 및 분류 시스템 | E164: 가 | F164: 남민정 | G164: 19851125 | H164: 산격중학교 | I164: 교사 | J164: - | K164: 석사 | L164: AI융합교육 | M164: 2022 수업혁신사례 연구대회 전국대회 3등급('22.12.26) | N164: 17 | O164: 경상권 | P164: AIDT 연계 교사전문학습공동체(공동체명: Edtouch) - AIDT 주요 기능을 적용한 초중등 교과별 주요 단원 개발 | Q164: 8 | R164: 확정
B165: 152 | C165: 보조강사 | D165: 데이터 기반 컬러인식 및 분류 시스템 | E165: 가 | F165: 남호련 | G165: 19970503 | H165: 구평초등학고 | I165: 교사 | J165: - | K165: 석사 | L165: 컴퓨터 | M165: 교실혁명 선도교원 양성 연수 강사( 2024. 07.) 디지털 기반 교육혁신 연수 강사(2024. 11.) | N165: 5 | O165: 경상권 | P165: 정보교과 교사학습 공동체 | Q165: 8 | R165: 확정
B166: 153 | C166: 보조강사 | D166: 데이터 기반 컬러인식 및 분류 시스템 | E166: 나 | F166: 박성락 | G166: 19860424 | H166: 성산초등학교 | I166: 교사 | J166: - | K166: 학사 | L166: 교육학 | M166: 교육감 표창 수상 ('24.12.31) | N166: 11 | O166: 경상권 | P166: 질문이 살아있는 교실 만들기/지능형 탐구 키움터 | Q166: 8 | R166: 확정
B167: 154 | C167: 보조강사 | D167: 데이터 기반 컬러인식 및 분류 시스템 | E167: 나 | F167: 박소영 | G167: 19841012 | H167: 봉황고등학교 | I167: 교사 | J167: - | K167: 석사 | L167: 교육행정 | M167: 교실에서 시작하는 디지털 시민성 교육/15시간/티처빌원격연수원 교실에서 시작하는 디지털 시민성 교육 디지털 네이티브 아이들의 메타버스/15시간/아이스크림원격연수원 텔짱샘의 컴퓨터 활용 꼼수, 이제 나도 스마트/15시간/아이스크림원격연수원 IB DP프로그램 수업 평가 전문가 양성 과정/10시간/대구행복한미래재단 평가의 재해석, 시험을 의심하다./15시간/티처빌원격연수원 고교학점제, 최소성취수준보장지도의 이해와 실제/15시간/중앙교육연수원 IB DP교원 수업역량강화직무연수/15시간/전라남도교육연수원 | N167: 15 | O167: 호남·제주권 | P167: - | Q167: 8 | R167: 확정
B168: 155 | C168: 보조강사 | D168: 데이터 기반 컬러인식 및 분류 시스템 | E168: 나 | F168: 박애란 | G168: 19861016 | H168: 인평중학교 | I168: 교사 | J168: - | K168: 학사 | L168: 생물교육 | M168: 청소년 과학탐구대회 입상/지도자 표창4회/ 과학교육 유공 교원 교육감 표창 1회수상/ 영재교육원 지도자 경력/국외시찰 및 수학경력(중국1회)/ 2024디지털기반 교육혁신 자율연수 참가 교육과정,평가, 수업개선 관련연수 매년 연간90시간이상미수 | N168: 12 | O168: 경상권 | P168: - | Q168: 8 | R168: 확정
B169: 156 | C169: 보조강사 | D169: 데이터 기반 컬러인식 및 분류 시스템 | E169: 나 | F169: 박우성 | G169: 19930104. | H169: 매향중학교 | I169: 교사 | J169: - | K169: 학사 | L169: 영어영문학(교직 이수) | M169: 전남 국제교육원 원장상 수상 ('21.) | N169: 5 | O169: 경기권 | P169: YMB 중학 영어 교과서 해설서 일부 집필('22)(전국)스노우볼 교사학습 공동체 | Q169: 8 | R169: 확정
B170: 157 | C170: 주강사 | D170: 데이터 기반 컬러인식 및 분류 시스템 | E170: 가 | F170: 박준 | G170: 19770131 | H170: 완산중학교 | I170: 교사 | J170: - | K170: 석사 | L170: 정보,컴퓨터 | M170: Microsoft Innovative Educator Expert (2015~2025) 2022 교육부 기술가정실과 정보 교육과정 심의위원 2023 교육부 학교생활기록부 중앙지원단 2022 교육부 학생평가 중앙지원단 2022 전라북도교육청 중학교 교육과정 개정 검토 위원 및 정책연구위원 2023 전라북도교육청 학업성적관리시행지침 검토 위원 2024 전북특별자치도교육청 미래학교컨설턴트 2024 전북특별자치도교육청 중등AI정보교과연구회 회장 전북특별자치도교육청미래교육연구원 연수 강사 (2010년~) 전북특별자치도교육청미래교육연구원 AI영재교육원 담임교사(2012년~ 전북특별자치도교육청 교육연수원 연수 강사(2015년~) | N170: 16 | O170: 호남·제주권 | P170: - | Q170: 8 | R170: 확정
B171: 158 | C171: 주강사 | D171: 데이터 기반 컬러인식 및 분류 시스템 | E171: 나 | F171: 박지나 | G171: 19741108 | H171: 보평고등학교 | I171: 교사 | J171: - | K171: 석사 | L171: 국어교육 | M171: AI기반 책열매 활용하기/2024.11.25.(8시간)/중앙교육연수원 생성형 AI를 활용한 교사업무 경감/2024.10.16.(3시간)/보평고 신기술 기반 미래교육입문하기(AI, AR/VR,메타버스 활용 교육활동 중심) 원격직무연수/2023.11.25.(15시간)/중앙교육연수원 2022개정 교육과정의개념기반 국어수업/2025.01.21.(4시간)/창비 사고력을 키워주는서·논술형 평가(중등)원격직무연수/2022.06.30.(15시간)/경기도교육청교육연수원 | N171: 19 | O171: 호남·제주권 | P171: - | Q171: 8 | R171: 확정
B172: 159 | C172: 주강사 | D172: 광량과 입사각에 따른 태양광 발전효율 선형회귀분석 | E172: 가 | F172: 박하리 | G172: 19980120 | H172: 경북소고 | I172: 교사 | J172: - | K172: 학사 | L172: 컴퓨터교육과 | M172: 구미교육청, 영재교육강사/SPEC교과문항 출제위원 AI선도학교 3년 운영 | N172: 4 | O172: 경상권 | P172: - | Q172: 8 | R172: 확정
B173: 160 | C173: 주강사 | D173: 광량과 입사각에 따른 태양광 발전효율 선형회귀분석 | E173: 가 | F173: 배재성 | G173: 19810324 | H173: 대구송정초등학교 | I173: 교사 | J173: - | K173: 학사 | L173: 컴퓨터심화 | M173: 교육부 장관상 수상('24.12.31) 디지털 기반 교육혁신 선도학교 주무(`23,`24) | N173: 13 | O173: 경상권 | P173: AI 활용 수학교육 연구회('22,`23,`24)초등교원전문학습공동체 책임리더('22,`23,`24) | Q173: 8 | R173: 확정
B174: 161 | C174: 보조강사 | D174: 광량과 입사각에 따른 태양광 발전효율 선형회귀분석 | E174: 나 | F174: 배현우 | G174: 19820827 | H174: 대구삼영초등학교 | I174: 교사 | J174: - | K174: 석사 | L174: 교육공학 | M174: 교육부장관(학교)표창 24.12.31. | N174: 20 | O174: 경상권 | P174: IB PYP 개념기반탐구학습 관련 교사 전문학습공동체 참여(2022-2024) | Q174: 8 | R174: 확정
B175: 162 | C175: 보조강사 | D175: 광량과 입사각에 따른 태양광 발전효율 선형회귀분석 | E175: 나 | F175: 백재열 | G175: 19900617 | H175: 서대구초등학교 | I175: 교사 | J175: - | K175: 학사 | L175: 초등교육 | M175: 2024.디지털기반 수업혁신연수 2022.메타버스로 만드는 우리들의 미래학교 | N175: 11 | O175: 경상권 | P175: - | Q175: 8 | R175: 확정
B176: 163 | C176: 주강사 | D176: 광량과 입사각에 따른 태양광 발전효율 선형회귀분석 | E176: 나 | F176: 사공정일 | G176: 19850511 | H176: 대구율하초등학교 | I176: 교사 | J176: - | K176: 학사 | L176: 초등교육 | M176: 교육부장관 표창(23.12.31.), 디지털기반교육혁신 연수 강의 (24), KERIS 에듀테크실증사례공모전 우수상(22), KERIS 디지털기반교육혁신선도학교 지원단, 대구에듀테크지원단(21~24), 찾아가는 SW-AI지원단, 미래형수업지원단(23),똑똑수학탐험대선도교원(24), 에듀테크실증전문가연수 강사(23~24), 영재학급컨설팅단, 지식샘터 강사, 에듀테크 강의 다수, 대구 교사 크리에이터(24), 에듀테크실증사업 꾸럼e팀 팀장(24) | N176: 12 | O176: 경상권 | P176: KERIS에듀테크활용가이드북집필진('23) 대구 AI코스웨어 가이드북 집필진('23) 대구에듀테크가이드북집필진('23)AI융합 교사전문학습 공동체 | Q176: 8 | R176: 확정
B177: 164 | C177: 주강사 | D177: 광량과 입사각에 따른 태양광 발전효율 선형회귀분석 | E177: 가 | F177: 성예린 | G177: 19970407 | H177: 온라인학교 (경산고) | I177: 교사 | J177: - | K177: 학사 | L177: 컴퓨터공학 | M177: 인공지능의교육적역할및윤리적활용/5시간/중앙교육연수원 피지컬 컴퓨팅을 활용한 인공지능(AI) 융합 교육/13시간/아이티존(주) 2024년 찾아가는 인공지능 교육 역량강화 직무연수/15시간/한국교육학술정보원종합교육연수원 2023년 하반기 디지털 리터러시 활용 수업 역량 강화 직무연수/2시간/경상북도교육청 중등SW-AI교육담당교원역량강화직무연수2기/12시간/경상북도교육청 디지털새싹/2024.08.01.~2024.12.31/주강사,보조강사/진주교원대학교 디지털새싹/2024.08.01.~2024.12.31/주강사,보조강사/창원대학교 | N177: 3 | O177: 경상권 | P177: 정보교사학습 공동체- aidt 활용 방안 | Q177: 8 | R177: 확정
B178: 165 | C178: 보조강사 | D178: 광량과 입사각에 따른 태양광 발전효율 선형회귀분석 | E178: 나 | F178: 신은 | G178: 19771002 | H178: 산들초등학교 | I178: 교사 | J178: - | K178: 석사 | L178: 교육학 | M178: 교육감상(24년,23년) | N178: 24 | O178: 경기권 | P178: 수업평가선도교사, 교실혁명연수이수 | Q178: 8 | R178: 확정
B179: 166 | C179: 보조강사 | D179: 광량과 입사각에 따른 태양광 발전효율 선형회귀분석 | E179: 나 | F179: 신재경 | G179: 19780125 | H179: 대구성산초등학교 | I179: 교사 | J179: - | K179: 학사 | L179: 초등음악 | M179: 교육부장관(인성) 표창 (24.12.31.) 창의융합교육원 정보화연수강사 (2021.~2024) | N179: 24 | O179: 경상권 | P179: IB PYP 인증학교, 기초학교 근무 개념기반탐구학습 관련 전문학습공동체 참여(2020-2023) | Q179: 8 | R179: 확정
B180: 167 | C180: 주강사 | D180: 광량과 입사각에 따른 태양광 발전효율 선형회귀분석 | E180: 가 | F180: 신진희 | G180: 19970917 | H180: 한국생명과학고 | I180: 교사 | J180: - | K180: 학사 | L180: 컴퓨터교육과 | M180: 교원의 원격수업 도구 활용 및 수업 적용 전략/15시간/중앙교육연수원 중등SW-AI교육담당교원역량강화직무연수2기/12시간/경상북도교육청연수원 교원을 위한 디지털 리터러시 교육/15시간/중앙교육연수원 프로그래밍문항개발직무연수/15시간/경상북도교육청연수원 모두를 위한 인공지능 교육/15시간/중앙교육연수원 학생평가 도구 개발의 실제/15시간/중앙교육연수원 학생평가 교원 역량 강화/6시간/중앙교육연수원 학생집중력향상을위한전략/10시간/중앙교육연수원 기초학습부진학생지도의실제/15시간/중앙교육연수원 학생부 기재역량 제고를 위한 원격연수/13시간/중앙교육연수원 | N180: 5 | O180: 경상권 | P180: 경북 북부 SW-AI교육캠프운영 | Q180: 8 | R180: 확정
B181: 168 | C181: 주강사 | D181: 광량과 입사각에 따른 태양광 발전효율 선형회귀분석 | E181: 가 | F181: 안은경 | G181: 19760112 | H181: 전주온빛중학교 | I181: 교사 | J181: - | K181: 석사 | L181: 정보,컴퓨터 | M181: 1. 디지털선도학교 학교대표교사로 T.O.U.C.H.교사단으로 활동(2023~2024) 2. T.O.U.C.H.교사단 양성 지식샘터 연수 강사 활동 3. T.O.U.C.H.교사단 2기 양성 연수 참여(테크빌 교육) 4. 2024년 학교운영을 위한 에듀테크 작무연수 강사 5. 2024년 디지털 기반 교육혁신 선도학교 현장지원단 활동 6. 교실혁명 선도교사 양성 연수 강사 출강(네패스코코아팹, 한국정보교육학회) | N181: 7 | O181: 호남·제주권 | P181: - | Q181: 8 | R181: 확정
B182: 169 | C182: 보조강사 | D182: 장애인 접근성 개선 AIOT 연구 개발 프로젝트-내눈을 따라 다니는 인공지능 | E182: 나 | F182: 양석원 | G182: 19940505 | H182: 봉황고등학교 | I182: 교사 | J182: - | K182: 학사 | L182: 생물교육 | M182: 교육부 장관상 수상('24.12.27) | N182: 6 | O182: 호남·제주권 | P182: 2024. 교육부 전국단위 수업평가 교사연구회 회장(전남 IBDP 교사 연구회) | Q182: 8 | R182: 확정
B183: 170 | C183: 주강사 | D183: 장애인 접근성 개선 AIOT 연구 개발 프로젝트-내눈을 따라 다니는 인공지능 | E183: 가 | F183: 양성용 | G183: 19760331 | H183: 군산대성중학교 | I183: 교사 | J183: - | K183: 석사 | L183: 컴퓨터교육 | M183: 군산 스마트기기 지원단(2023~2024) | N183: 20 | O183: 호남·제주권 | P183: 정보 수업혁신-평가 연구회(2024) | Q183: 8 | R183: 확정
B184: 171 | C184: 주강사 | D184: 장애인 접근성 개선 AIOT 연구 개발 프로젝트-내눈을 따라 다니는 인공지능 | E184: 가 | F184: 양채윤 | G184: 1991218 | H184: 사동고등학교 | I184: 교사 | J184: - | K184: 학사 | L184: 컴퓨터교육 | M184: 2025 aidt활용수업역량강화직무연수 강사, 2025디지털원격연수 컨텐츠 제작 | N184: 5 | O184: 경상권 | P184: c 텍스트 코딩 워크북, 파이썬 텍스트 코딩 워크북한국정보교사연합회 국장 | Q184: 8 | R184: 확정
B185: 172 | C185: 보조강사 | D185: 장애인 접근성 개선 AIOT 연구 개발 프로젝트-내눈을 따라 다니는 인공지능 | E185: 나 | F185: 우은별 | G185: 19770228 | H185: 모서중학교 | I185: 교사 | J185: - | K185: 석사 | L185: 수학교육 | M185: 2015-2019 김천중앙고교사(담임,수학) 2019-2020 상주교육지원청파견 2020-2021 상주여고 담임(수학) 2021-2023 경상북도교육청 상주수학체험센터 교사(센터프로그램운영) | N185: 10 | O185: 경상권 | P185: - | Q185: 8 | R185: 확정
B186: 173 | C186: 보조강사 | D186: 장애인 접근성 개선 AIOT 연구 개발 프로젝트-내눈을 따라 다니는 인공지능 | E186: 나 | F186: 원지현 | G186: 19810726 | H186: 대구동도초등학교 | I186: 교사 | J186: - | K186: 석사 | L186: 초등교육 | M186: 대구교육청 각종 지원단 및 강사 1) 2023-2024 인공지능 활용 수학교육지원단, 동부수학자신감 향상 프로그램 지원단 및 연구회, 학교로 찾아가는 수학점핑학교 컨설팅 및 연수 (8회) 2) 2023 대구창의융합교육원 창의융합지원단, 활동탐구중심 수학 동아리 운영, 대구수학페스티벌 수학 학습코칭, 동부 수학자신감 향상의 날 강사, 수학 가족 체험교실(1,2기) 강사, 나도수학자(7,8기) 강사, 수학체험센터 해설 | N186: 21 | O186: 경상권 | P186: - | Q186: 8 | R186: 확정
B187: 174 | C187: 주강사 | D187: 장애인 접근성 개선 AIOT 연구 개발 프로젝트-내눈을 따라 다니는 인공지능 | E187: 가 | F187: 유미 | G187: 1978.10.12 | H187: 남성중학교 | I187: 교사 | J187: - | K187: 학사 | L187: 컴퓨터공학 | M187: 교육부 장관상 정보교육상 수상('23.12) | N187: 20 | O187: 호남·제주권 | P187: 교사가 이끄는 교실혁명 : AI 디지털교과서 100% 활용하기 (중등편)(2024)전국 단위 수업평가 연구회 | Q187: 8 | R187: 확정
B188: 175 | C188: 보조강사 | D188: 장애인 접근성 개선 AIOT 연구 개발 프로젝트-내눈을 따라 다니는 인공지능 | E188: 나 | F188: 유재은 | G188: 19820702 | H188: 고양동산고등학교 | I188: 교사 | J188: - | K188: 석사 | L188: 상담심리교육 | M188: (교육과정지원)경기도 교육감 표창 수상(22.12.31), (교무학사지원)경기도교육감 표창(23.12.31.), (IB교육지원)경기도교육감(2024.12.31.) | N188: 16 | O188: 경기권 | P188: 경기도 IB 핵심과정 자료집(2024), 경기도 깊이있는 수업 설계 도움자료집(2024)경기도IB교욱연구회(IB수업및평가), 고양시교육과정교육연구회(교육과정 설계 및 분석) | Q188: 8 | R188: 확정
B189: 176 | C189: 보조강사 | D189: 장애인 접근성 개선 AIOT 연구 개발 프로젝트-내눈을 따라 다니는 인공지능 | E189: 나 | F189: 유화진 | G189: 19910211 | H189: 경상중학교 | I189: 교사 | J189: - | K189: 학사 | L189: 수학교육 | M189: 2024. 중등 수학 디지털 활용 수업설계 역량 강화 연수 출강 | N189: 9 | O189: 경상권 | P189: 한국통계교육진흥원 통계교수학습 자료개발 연구회, 중등 MES 블렌디드 연구회 운영 | Q189: 8 | R189: 확정
B190: 177 | C190: 보조강사 | D190: 장애인 접근성 개선 AIOT 연구 개발 프로젝트-내눈을 따라 다니는 인공지능 | E190: 나 | F190: 이서영 | G190: 19820423 | H190: 전남외고 | I190: 교사 | J190: - | K190: 학사 | L190: 영어교육 | M190: 전남 영어교육 컨설팅단 | N190: 18 | O190: 호남·제주권 | P190: 전국 수업 평가 연구회 -전남 IB 연구회 | Q190: 8 | R190: 확정
B191: 178 | C191: 보조강사 | D191: 페트병의 모래를 흔들어라 - 에너지 ON | E191: 나 | F191: 이성경 | G191: 19850721 | H191: 갈곶초등학교 | I191: 교사 | J191: - | K191: 석사 | L191: 수학교육 | M191: 교육부 장관상 수상('24.12.31) | N191: 16년 | O191: 경기권 | P191: 2022 개정교육과정 초3-4 국정교과서 현장적합성 검토 ('24)학교 전문적 학습공동체-수업에 디지털교육 적용 | Q191: 8 | R191: 확정
B192: 179 | C192: 보조강사 | D192: 페트병의 모래를 흔들어라 - 에너지 ON | E192: 나 | F192: 이소민 | G192: 19940725 | H192: 경산여자중학교 | I192: 교사 | J192: - | K192: 석사 | L192: 미술교육 | M192: 교실혁명 선도교사 미래교육역량강화(미술)직무연수 숨은고수 VR활용, 미래 교육체험 직무연수 | N192: 4 | O192: 경상권 | P192: 2023 대구교육연수원 유튜브 채널 우수콘텐츠 | Q192: 8 | R192: 확정
B193: 180 | C193: 보조강사 | D193: 페트병의 모래를 흔들어라 - 에너지 ON | E193: 나 | F193: 이수민 | G193: 19731006 | H193: 매전중학교 | I193: 교사 | J193: - | K193: 석사 | L193: 교육공학 | M193: 스승의날 장관 표창수상('24.05.15.) | N193: 22 | O193: 경상권 | P193: - | Q193: 8 | R193: 확정
B194: 181 | C194: 보조강사 | D194: 페트병의 모래를 흔들어라 - 에너지 ON | E194: 나 | F194: 이윤정 | G194: 19870811 | H194: 삼광중학교 | I194: 교사 | J194: - | K194: 석사 | L194: 혁신교육전공 | M194: 찾아가는 학교 연수 교원의 교실혁명 역량 이해 (4기)/4시간/한국과학창의재단 종합교육연수원 찾아가는 학교 연수 학교 교육에 디지털기반 교육 혁신 반영 (4기) - /2시간/한국과학창의재단 종합교육연수원 찾아가는 학교 연수 학교 교육과정 평가-환류(5기) /4시간/한국과학창의재단 종합교육연수원 2024. IB DP 프로그램 수업 평가 전문가 양성 실전과정 직무연수/10시간/재단법인대구행복한미래재단 과정중심평가에기반한학생평가컨설팅(중등국어)/5시간/중앙교육연수원 학생평가도구개발의실제/15시간/중앙교육연수원 도교육청현장맞춤형)2024.IBDP교원수업역량강화직무연수/13시간/전라남도교육청교육연수원 | N194: 8 | O194: 호남·제주권 | P194: 전남IB교육연구회 | Q194: 8 | R194: 확정
B195: 182 | C195: 주강사 | D195: 인터랙티브 모션아트 : AI응용 체험교실 | E195: 나 | F195: 이은선 | G195: 19810130 | H195: 인천만수고 | I195: 교사 | J195: - | K195: 학사 | L195: 수학 | M195: 21년 고교학점제,자율적교육과정,교육과정편성,꿈두레공동교육과정운영 23년 2022개정교육과정강의(동인천고) 24년 IB컨설팅강의(하늘고) 24년 IB와 2022개정교육과정강의(인하사대부고) | N195: 21 | O195: 경기권 | P195: 핵심만 딱!배우는 AI코스웨어(중등)-티처빌 2024인천IB프로그램기초심화연수-인천광역시교육청 완벽한혁신을위한 교육과정,수업,평가,기록의 일체화 -아이스크림 원격교육연수원 2022년 고교학점제 기반조성을위한 진로 및 학업설계 역량강화 -인천광역시교육청 | Q195: 8 | R195: 확정
B196: 183 | C196: 보조강사 | D196: 인터랙티브 모션아트 : AI응용 체험교실 | E196: 나 | F196: 이응석 | G196: 19840204 | H196: 봉성초등학교 | I196: 교사 | J196: - | K196: 석사 | L196: 수학교육 | M196: 2024 제18회 디지털교육연구대회 전국2등급 2024 교육방송연구대회 전국2등급 | N196: 18 | O196: 경상권 | P196: 2022 개정 교육과정에 따른 초등학교1~2학년 수학교과용 도서연구·집필진경북초등정보교육교과연구회 2021~2024 수학교육 교사 연구회(2021~2023) 회장 | Q196: 8 | R196: 확정
B197: 184 | C197: 보조강사 | D197: 인터랙티브 모션아트 : AI응용 체험교실 | E197: 나 | F197: 이재우 | G197: 19760511 | H197: 대구동변초등학교 | I197: 교사 | J197: - | K197: 석사 | L197: 윤리인성 | M197: 교육부장관(교육과정) 표창(2023) 교수평기, 교육과정, 학교자율시간 강사 및 지원단 (2021.~2024) | N197: 22 | O197: 경상권 | P197: 함께사는 세계시민 교재 및 지도서 집필 2022 개정교육과정 및 학교자율시간 톹아보기, 사례집 집필개념기반탐구학습 관련 교사 전문학습공동체 참여(2022-2024) 학교자율시간 교사 전문학습공동체 참여(2022~현재) | Q197: 8 | R197: 확정
B198: 185 | C198: 보조강사 | D198: 인터랙티브 모션아트 : AI응용 체험교실 | E198: 나 | F198: 이재호 | G198: 19831124 | H198: 경북대학교사범대학부설고등학교 | I198: 교사 | J198: - | K198: 학사 | L198: 국어교육 | M198: 교육부 장관상 수상('23) | N198: 17 | O198: 경상권 | P198: 대구교육청 IB DP 연구회 대구교육청 수업-평가지원단 | Q198: 8 | R198: 확정
B199: 186 | C199: 보조강사 | D199: 인터랙티브 모션아트 : AI응용 체험교실 | E199: 나 | F199: 이재훈 | G199: 19950701 | H199: 장천초등학교 | I199: 교사 | J199: - | K199: 학사 | L199: 교육학 | M199: 교육감상 수상('23.12.29) | N199: 6 | O199: 경상권 | P199: 정보교과연구회 참여 | Q199: 8 | R199: 확정
...

Sheet (공통)_교육 인프라 목록
B1: 교육 인프라 목록
B4: 연번 | C4: 프로그램명 | D4: 구분 (시설/장비/교구재) | E4: 시설/장비/교구재명 | F4: 교육시설 정보(집합형일 경우 필수) | M4: 장비 정보 | R4: 교구재 정보
F5: 구분 | G5: 수량 (개) | H5: 시설 정원 | I5: 시설 면적(㎡) | J5: 시설 소재지 | K5: 임차여부 | L5: 괸리주체 | M5: 수량 (개) | N5: 장비 구입/임차처 | O5: 임차여부 | P5: 규격·사양 | Q5: 관리주체 | R5: 저자 또는 개발처 | S5: 수량 (개) | T5: 단가 | U5: 구분 | V5: 규격·사양 | W5: 관리주체
B6: 1 | C6: AI 인터렉티브아트 창작자 | D6: 시설 | E6: 인하대학교 국제학부 322호 | F6: 강의실 | G6: 1 | H6: 108명 | I6: 165㎡ | J6: 인천 미추홀구 | K6: 자체 | L6: 인하대항공우주캠 | M6: 회
B7: 2 | C7: 강화학습 자율주행AI 개발자 (Sim2Real) | D7: 시설 | E7: 인하대학교 항공우주캠퍼스 203호 | F7: 강의실 | G7: 1 | H7: 30명 | I7: 66㎡ | J7: 인천 연수구 | K7: 자체 | L7: 인하대항공우주캠
B8: 4 | C8: AI배달 로봇 엔지니어 | D8: 시설 | E8: 인하대학교 항공우주캠퍼스 206호 | F8: 강의실 | G8: 1 | H8: 30명 | I8: 66㎡ | J8: 인천 연수구 | K8: 자체 | L8: 인하대항공우주캠
B9: 5 | C9: 행정공간 | D9: 시설 | E9: 인하대학교 항공우주캠퍼스 319-A호 | F9: 행정실 | G9: 1 | H9: 10명 | I9: 40㎡ | J9: 인천 연수구 | K9: 자체 | L9: 인하대항공우주캠
B10: 6 | C10: AI 인터렉티브아트 창작자 | D10: 교구재 | E10: 아두이노 | R10: ㈜에스에프에듀 | S10: 21 | T10: 99000 | U10: 아두이노 | W10: 자체
B11: 7 | C11: AI데이터 분석관 | D11: 교구재 | E11: microbit | R11: ㈜에스에프에듀 | S11: 21 | T11: 99000 | U11: microbit | W11: 자체
B12: 8 | C12: 다문화 AI 큐레이터 | D12: 장비 | E12: 노트북 | M12: 20 | N12: 노트북 / 학교 | O12: 자체 | P12: OS : Windows10 64bit | Q12: 자체
B13: ※ 시설, 장비, 교구재 활용 시 관련 견적서 첨부 필수

Sheet 사업운영비 작성방법(작성x)
A1: 엔트리를 활용한 우리 지역 날씨 예측 프로그램 세부 산출내역서
A3: 비목 | B3: 세목 | C3: 세세목 | D3: 관리목 | E3: 산출내역 | N3: 금액 | O3: 비고
E4: 품명 | F4: 금액(공급가액) | G4: 단위 | H4: x | I4: 수량 | J4: 단위 | K4: x | L4: 횟수 | M4: 단위
B5: 사업운영비 | C5: ■ 시설·장비 임차비 | D5: 장비 임차 | E5: LG 그램 노트북 | F5: 60000 | G5: 원 | H5: × | I5: 60 | J5: 대 | K5: × | L5: 6 | M5: 개월 | N5: =F5*I5*L5 -> 21600000 | O5: 1인/1대
D6: 교구 임차 | E6: AI코디니 임차비(범용성) | F6: 360000 | G6: 원 | H6: × | I6: 20 | J6: 대 | K6: x | L6: 6 | M6: 회 | N6: =F6*I6*L6 -> 43200000 | O6: 4인/1대
D7: 교육장·시설 임차 | E7: 000 강의실 | F7: 400000 | G7: 원 | H7: × | I7: 1 | J7: 실 | K7: x | L7: 2 | M7: 회 | N7: =F7*I7*L7 -> 800000 | O7: 20인/1실
C8: ■ 재료구입비 | D8: 교구 구매 | E8: 보드 구입(일회성) | F8: 10000 | G8: 원 | H8: × | I8: 20 | J8: 개 | K8: x | L8: 20 | M8: 회 | N8: =F8*I8*L8 -> 4000000 | O8: 1인/1개
C9: ■ 인쇄·복사·인화· 슬라이드 제작비 | D9: 교재 인쇄·제작·구매 | E9: 0000 교재 구입 | F9: 20000 | G9: 원 | H9: × | I9: 20 | J9: 부 | K9: x | L9: 20 | M9: 회 | N9: =F9*I9*L9 -> 8000000 | O9: 1인/1부
C10: ■ 외부 전문가 기술 활용비 | D10: 강사료 | E10: 주강사 | F10: 300000 | G10: 원 | H10: × | I10: 5 | J10: 인 | K10: x | L10: 20 | M10: 회 | N10: =F10*I10*L10 -> 30000000
D11: 강사료 | E11: 보조강사 | F11: 180000 | G11: 원 | H11: x | I11: 10 | J11: 인 | K11: x | L11: 20 | M11: 회 | N11: =F11*I11*L11 -> 36000000
D12: 강사료 | E12: 교통비(평균 적용) | F12: 30000 | G12: 원 | H12: x | I12: 15 | J12: 인 | K12: x | L12: 20 | M12: 회 | N12: =F12*I12*L12 -> 9000000
D13: 외부 전문가 활용 | E13: 전문가 자문 | F13: 200000 | G13: 원 | H13: × | I13: 5 | J13: 인 | K13: x | L13: 1 | M13: 회 | N13: =F13*I13*L13 -> 1000000
C14: ■ 일용직활용비 | D14: 단기근로자 활용 | E14: 안전관리요원 | F14: 40000 | G14: 원 | H14: x | I14: 1 | J14: 인 | K14: x | L14: 20 | M14: 회 | N14: =F14*I14*L14 -> 800000
C15: ■ 회의비 | D15: 교육생 식·다과비 | E15: 다과 제공 | F15: 10000 | G15: 원 | H15: x | I15: 20 | J15: 인 | K15: x | L15: 20 | M15: 회 | N15: =F15*I15*L15 -> 4000000
C16: ■ 제세공과·수수료·공공요금 | D16: 보험료 | E16: 보험명 | F16: 2000 | G16: 원 | H16: x | I16: 20 | J16: 인 | K16: x | L16: 15 | M16: 회 | N16: =F16*I16*L16 -> 600000
C17: ■ 우편요금·택배비 | D17: 운송비 | E17: 장비 운송 | F17: 30000 | G17: 원 | H17: x | I17: 60 | J17: 대 | K17: x | L17: 20 | M17: 회 | N17: =F17*I17*L17 -> 36000000
C18: ■ 기타 경비 | D18: 인원 수송 | E18: 차량 렌트 | F18: 80000 | G18: 원 | H18: x | I18: 1 | J18: 대 | K18: x | L18: 10 | M18: 회 | N18: =F18*I18*L18 -> 800000
A19: 총계(3=(1)+(2)) | N19: =SUM(N5:N18) -> 195800000
A21: □ 작성가이드(※ 작성 전 안내 사항 반드시 확인 후 제출합니다) | U21: `
A22: [프로그램 운영비 편성 시 고려사항] 1. 실 작성 시 모든 폰트는 검은색으로 변경하여 작성 2. 제안 프로그램 수에 맞게 각각의 운영비 산출 필요(예. 제안프로그램 6종→세부 산출내역서 6부(시트) 필요) 3. 매입부가세가 발생하는 항목은 공급가액과 매입부가세 합산 금액 작성, 강사료, 보험료 등 매입부가세와 관련없는 항목은 실 집행금액 작성 4. 장비 및 교구재, 교육장 등 기준인원이 있는 항목은 각 항목별 비고란에 1대(개,실,부 등)당 기준인원수 필수 기입 5. 장비 및 교구재, 교육장 등의 금액(공급가액)은 실제 1대(개,실,부 등)당 임차 또는 구매 금액으로, 수량은 실 갯수 기입 (산출내역 수량 및 횟수 단위에 사람 수(人) 기준 단위로 변경 불가) 6. 단위는 가급적 변경을 지양하고, 불가피하게 변경하더라도 1식 등의 모호한 표현 금지 7. 프로그램별 산출이 어려운 행사, 강사 연수 비용 등은 총 필요 예산을 제안 프로그램별 적절하게 분배하여 기입 가능 8. 프로그램별 실제 운영에 필요한 비용으로 계상하되 전체 제안프로그램 운영비 및 사업관리비, 간접비의 합계가 신청유형별(새싹A/B) 최대 예산을 넘지않도록 주의

Sheet 사업관리비 및 간접비 작성방법(작성x)
A1: 사업관리비 및 간접비 작성 예시('총 사업비 산출' 시트)
A3: 비목 | B3: 세목 | C3: 세세목 | D3: 관리목 | E3: 산출내역 | N3: 금액 | O3: 구성비
E4: 품명 | F4: 금액(공급가액) | G4: 단위 | H4: x | I4: 수량 | J4: 단위 | K4: x | L4: 횟수 | M4: 단위
A5: 직접비 | B5: 사업운영비 소계(1) | N5: 814660000
B6: 사업관리비 | C6: ■ 내부 인건비 | D6: 참여 인력 인건비 | E6: 행정연구원(강혜영) | G6: 원 | H6: × | I6: 1 | J6: (참여율) | K6: x | L6: 8 | M6: 회 | N6: =F6*I6*L6 -> 0 | O6: =N19/N20 -> 0
E7: 행정연구원(이상원) | G7: 원 | H7: × | I7: 1 | J7: (참여율) | K7: x | L7: 8 | M7: 개월 | N7: =F7*I7*L7 -> 0
E8: 학생연구원(정의손) | G8: 원 | H8: × | I8: 1 | J8: (참여율) | K8: x | L8: 8 | M8: 개월 | N8: =F8*I8*L8 -> 0
E9: 학생연구원(김현일) | G9: 원 | H9: × | I9: 1 | J9: (참여율) | K9: x | L9: 8 | M9: 개월 | N9: =F9*I9*L9 -> 0
E10: 보조연구원(학부) | G10: 원 | H10: × | I10: 0.5 | J10: (참여율) | K10: x | L10: 8 | M10: 개월 | N10: =F10*I10*L10 -> 0
E11: 보조연구원(학부) | G11: 원 | H11: × | I11: 0.5 | J11: (참여율) | K11: x | L11: 8 | M11: 개월 | N11: =F11*I11*L11 -> 0
D12: 참여 인력 사업 수당 | E12: 미지급인력 | G12: 원 | H12: × | I12: 1 | J12: 인 | K12: x | L12: 8 | M12: 개월 | N12: =F12*I12*L12 -> 0
E13: 미지급인력 | G13: 원 | H13: × | I13: 1 | J13: 인 | K13: x | L13: 8 | M13: 개월 | N13: =F13*I13*L13 -> 0
C14: ■ 회의비 | D14: 회의 식·다과비 | E14: 회의비 | G14: 원 | H14: x | I14: 20 | J14: 인 | K14: x | L14: 80 | M14: 회 | N14: =F14*I14*L14 -> 0
C15: ■ 출장비 | D15: 국내 출장 여비 | E15: 현장 운영 출장 | G15: 원 | H15: x | I15: 4 | J15: 인 | K15: x | L15: 20 | M15: 회 | N15: =F15*I15*L15 -> 0
C16: ■ 인쇄·복사·인화· 슬라이드 제작비 | D16: 홍보물 인쇄·제작 | E16: 현수막, 리플렛 | G16: 원 | H16: × | I16: 10 | J16: 인 | K16: x | L16: 6 | M16: 회 | N16: =F16*I16*L16 -> 0
C17: ■ 제세공과·수수료·공공요금 | D17: 정산수수료 | E17: 정산수수료 | G17: 원 | H17: × | I17: 1 | J17: 건 | K17: x | L17: 1 | M17: 회 | N17: =F17*I17*L17 -> 0
C18: ■ 사무용품비 | D18: 사무용품 | E18: 문구류 | G18: 원 | K18: x | L18: 30 | M18: 회 | N18: =F18*L18 -> 0
B19: 사업관리비 소계(2) | N19: =SUM(N6:N18) -> 0
A20: 직접비 소계(3) | N20: =N5+N19 -> 814660000
A21: 간접비 | B21: 간접비 | C21: ■ 지원인력 인건비 | D21: 지원인력 인건비 | E21: 지원인력 A | G21: 원 | H21: x | I21: 1 | J21: 인 | K21: x | L21: 8 | M21: 개월 | N21: =F21*I21*L21 -> 0 | O21: =N27/N20 -> 0
E22: 지원인력 A | G22: 원 | H22: x | I22: 1 | J22: 인 | K22: x | L22: 8 | M22: 개월 | N22: =F22*I22*L22 -> 0
C23: ■ 기관 공통경비 | D23: 기관공통비 | E23: 기관공통비 | G23: 원 | H23: x | I23: 1 | J23: 건 | K23: x | L23: 8 | M23: 개월 | N23: =F23*I23*L23 -> 0
C24: ■ 장비·시설 구축 및 운영비 | D24: 장비 구축비 | E24: 보관함(서랍) | G24: 원 | H24: x | I24: 2 | J24: 대 | K24: x | L24: 2 | M24: 회 | N24: =F24*I24*L24 -> 0
D25: 비품 구입 | E25: A4용지(세트) | G25: 원 | H25: x | I25: 2 | J25: 세트 | K25: x | L25: 2 | M25: 회 | N25: =F25*I25*L25 -> 0
D26: 공공요금 | E26: 수도, 전기료 등 요금 | G26: 원 | H26: x | I26: 3 | J26: 건 | K26: x | L26: 4 | M26: 개월 | N26: =F26*I26*L26 -> 0
A27: 간접비 소계(4) | N27: =SUM(N21:N26) -> 0
A28: 총계 (5)=(3)+(4) | N28: =N20+N27 -> 814660000
A30: □ 작성가이드(※ 작성 전 안내 사항 반드시 확인 후 제출합니다) | U30: `
A31: [사업관리비 및 간접비 편성 시 고려사항] 1. 실 작성 시 모든 폰트는 검은색으로 변경하여 작성 2. 사업관리비 및 간접비는 '총 사업비 산출' 시트에만 작성 3. 매입부가세가 발생하는 항목은 공급가액과 매입부가세 합산 금액 작성, 강사료, 보험료 등 매입부가세와 관련없는 항목은 실 집행금액 작성 4. 인건비 내 초과근무수당 계상 가능하나 참여율 기준으로 계상해야 함(예. 참여율 50%라면 지급 필요 초과근무수당에서 50%까지 책정 가능) 5. 직접비와 간접비로 구분하여 편성하되, 간접비는 직접비(사업운영비+사업관리비)의 5% 이내로 편성('구성비' 확인 필) 6. 사업관리비 합계는 직접비(사업운영비+사업관리비)의 15% 이내로 편성('구성비' 확인 필) 7. 단위는 가급적 변경을 지양하고, 불가피하게 변경하더라도 1식 등의 모호한 표현 금지 8. 사업수당은 미지급인건비의 20%이하 준수('금액' 열에 해당 비율 반영하여 산출, 현재는 0.2(20%)로 반영되어 있음) 9. 정산수수료 책정 필수(공급가액 150만원, 향후 정확한 금액 안내 및 일괄 사업비 변경 요청 예정)

Sheet A프로그램
A1: (AI 인터렉티브아트 창작자) 프로그램 세부 산출내역서
A3: 비목 | B3: 세목 | C3: 세세목 | D3: 관리목 | E3: 산출내역 | N3: 금액 | O3: 비고
E4: 품명 | F4: 금액(공급가액) | G4: 단위 | H4: x | I4: 수량 | J4: 단위 | K4: x | L4: 횟수 | M4: 단위
B5: 사업운영비 | C5: ■ 시설·장비 임차비 | D5: 장비임차 | E5: 노트북 | F5: 40000 | G5: 원 | H5: × | I5: 9 | J5: 대 | K5: × | L5: 8 | M5: 개월 | N5: =F5*I5*L5 -> 2880000
D6: 장비임차 | E6: ZOOM 1.7 | F6: 30000 | G6: 원 | H6: × | I6: 1 | J6: 대 | K6: x | L6: 17 | M6: 회 | N6: =F6*I6*L6 -> 510000
G7: 원 | H7: × | J7: 실 | K7: x | M7: 회 | N7: =F7*I7*L7 -> 0
C8: ■ 재료구입비 | D8: 교구 구매(교구, 범용성) | E8: 무선 카메라 | F8: 55000 | G8: 원 | H8: × | I8: 186 | J8: 개 | K8: x | L8: 1 | M8: 회 | N8: =F8*I8*L8 -> 10230000
D9: 교구 구매(일회성) | E9: 창산용 문구류 | F9: 5751 | G9: 원 | H9: × | I9: 20 | J9: 개 | K9: x | L9: 28 | M9: 회 | N9: =F9*I9*L9 -> 3220560
C10: ■ 인쇄·복사·인화· 슬라이드 제작비 | G10: 원 | H10: × | J10: 부 | K10: x | M10: 회 | N10: =F10*I10*L10 -> 0
N11: =F11*I11*L11 -> 0
C12: ■ 외부 전문가 기술 활용비 | D12: 강사료 | E12: 주강사료 | F12: 100000 | G12: 원 | H12: × | I12: 8 | J12: 인 | K12: x | L12: 36 | M12: 회 | N12: =F12*I12*L12 -> 28800000 | Q12: 75000 | R12: 8 | S12: 49 | T12: =Q12*S12*R12 -> 29400000
D13: 강사료 | E13: 보조강사료 | F13: 60000 | G13: 원 | H13: x | I13: 8 | J13: 인 | K13: x | L13: 36 | M13: 회 | N13: =F13*I13*L13 -> 17280000 | Q13: 45000 | R13: 8 | S13: 49 | T13: =Q13*S13*R13 -> 17640000
D14: 외부전문가 활용 | E14: 자문 및 강사교육용 강사료 | F14: 100000 | G14: 원 | H14: x | I14: 1 | J14: 인 | K14: x | L14: 40 | M14: 회 | N14: =F14*I14*L14 -> 4000000
D15: 외부전문가 활용 | E15: 교육 프로그램 고도화 | F15: 250000 | G15: 원 | H15: × | I15: 1 | J15: 인 | K15: x | L15: 8 | M15: 회 | N15: =F15*I15*L15 -> 2000000
D16: 교통비 | E16: 교통비 | F16: 10000 | G16: 원 | H16: × | I16: 1 | J16: 인 | K16: x | L16: 28 | M16: 회 | N16: =F16*I16*L16 -> 280000
C17: ■ 일용직활용비 | D17: 단기근로자 활용 | E17: 안전관리요원 | F17: 20000 | G17: 원 | H17: x | I17: 8 | J17: 인 | K17: x | L17: 22 | M17: 회 | N17: =F17*I17*L17 -> 3520000
E18: 진행요원 | F18: 20000 | G18: 원 | H18: x | I18: 8 | J18: 인 | K18: x | L18: 22 | M18: 회 | N18: =F18*I18*L18 -> 3520000
C19: ■ 회의비 | D19: 행사 식다과비 | E19: 성과공유회, 강사교육 식비/임차료 | F19: 25000 | G19: 원 | H19: x | I19: 20 | J19: 인 | K19: x | L19: 1 | M19: 회 | N19: =F19*I19*L19 -> 500000
D20: 교육생 식다과비 | E20: 강사. 학생 식비, 다과비 | F20: 10000 | G20: 원 | H20: x | I20: 22 | J20: 인 | K20: x | L20: 58 | M20: 회 | N20: =F20*I20*L20 -> 12760000
C21: ■ 제세공과·수수료·공공요금 | D21: 보험료 | E21: 보험료 | F21: 500 | G21: 원 | H21: x | I21: 20 | J21: 인 | K21: x | L21: 27 | M21: 회 | N21: =F21*I21*L21 -> 270000
N22: =F22*I22*L22 -> 0
C23: ■ 우편요금·택배비 | D23: 운송 비용 | E23: 택배비(교구, 노트북 등) | F23: 10000 | G23: 원 | H23: x | I23: 32 | J23: 반 | K23: x | L23: 2 | M23: 회 | N23: =F23*I23*L23 -> 640000
N24: =F24*I24*L24 -> 0
C25: ■ 기타 경비 | N25: =F25*I25*L25 -> 0
N26: =F26*I26*L26 -> 0
A27: 총계 | N27: =SUM(N5:N26) -> 90410560
A29: □ 작성가이드(※ 작성 전 안내 사항 반드시 확인 후 제출합니다)
A30: [프로그램 운영비 편성 시 고려사항] 1. 실 작성 시 모든 폰트는 검은색으로 변경하여 작성 2. 제안 프로그램 수에 맞게 각각의 운영비 산출 필요(예. 제안프로그램 6종→세부 산출내역서 6부(시트) 필요) 3. 매입부가세가 발생하는 항목은 공급가액 기준으로 작성, 강사료, 보험료 등 매입부가세와 관련없는 항목은 실 집행금액 작성 4. 장비 및 교구재, 교육장 등 기준인원이 있는 항목은 각 항목별 비고란에 1대(개,실,부 등)당 기준인원수 필수 기입 5. 장비 및 교구재, 교육장 등의 금액(공급가액)은 실제 1대(개,실,부 등)당 임차 또는 구매 금액으로, 수량은 실 갯수 기입 (산출내역 수량 및 횟수 단위에 사람 수(人) 기준 단위로 변경 불가) 6. 단위는 가급적 변경을 지양하고, 불가피하게 변경하더라도 1식 등의 모호한 표현 금지 7. 프로그램별 산출이 어려운 행사, 강사 연수 비용 등은 총 필요 예산을 제안 프로그램별 적절하게 분배하여 기입 가능 8. 프로그램별 실제 운영에 필요한 비용으로 계상하되 전체 제안프로그램 운영비 및 사업관리비, 간접비의 합계가 신청유형별(새싹A/B) 최대 예산을 넘지않도록 주의

Sheet B프로그램
A1: (AI배달 로봇 엔지니어) 프로그램 세부 산출내역서
A3: 비목 | B3: 세목 | C3: 세세목 | D3: 관리목 | E3: 산출내역 | N3: 금액 | O3: 비고
E4: 품명 | F4: 금액(공급가액) | G4: 단위 | H4: x | I4: 수량 | J4: 단위 | K4: x | L4: 횟수 | M4: 단위
B5: 사업운영비 | C5: ■ 시설·장비 임차비 | D5: 장비임차 | E5: 노트북 | F5: 40000 | G5: 원 | H5: × | I5: 9 | J5: 대 | K5: × | L5: 8 | M5: 개월 | N5: =F5*I5*L5 -> 2880000
G6: 원 | H6: × | J6: 대 | K6: x | M6: 회 | N6: =F6*I6*L6 -> 0
G7: 원 | H7: × | J7: 실 | K7: x | M7: 회 | N7: =F7*I7*L7 -> 0
C8: ■ 재료구입비 | D8: 교구 구매(교구, 범용성) | E8: 오토바이, 주행코스, 배터리 | F8: 298000 | G8: 원 | H8: × | I8: 201 | J8: 개 | K8: x | L8: 1 | M8: 회 | N8: =F8*I8*L8 -> 59898000
D9: 교구 구매(일회성) | E9: 창산용 문구류 | F9: 5751 | G9: 원 | H9: × | I9: 20 | J9: 개 | K9: x | L9: 28 | M9: 회 | N9: =F9*I9*L9 -> 3220560
C10: ■ 인쇄·복사·인화· 슬라이드 제작비 | G10: 원 | H10: × | J10: 부 | K10: x | M10: 회 | N10: =F10*I10*L10 -> 0
N11: =F11*I11*L11 -> 0
C12: ■ 외부 전문가 기술 활용비 | D12: 강사료 | E12: 주강사료 | F12: 75000 | G12: 원 | H12: × | I12: 8 | J12: 인 | K12: x | L12: 40 | M12: 회 | N12: =F12*I12*L12 -> 24000000
D13: 강사료 | E13: 보조강사료 | F13: 45000 | G13: 원 | H13: x | I13: 8 | J13: 인 | K13: x | L13: 40 | M13: 회 | N13: =F13*I13*L13 -> 14400000
D14: 외부전문가 활용 | E14: 자문 및 강사교육용 강사료 | F14: 100000 | G14: 원 | H14: x | I14: 1 | J14: 인 | K14: x | L14: 40 | M14: 회 | N14: =F14*I14*L14 -> 4000000
D15: 외부전문가 활용 | E15: 교육 프로그램 고도화 | F15: 250000 | G15: 원 | H15: × | I15: 1 | J15: 인 | K15: x | L15: 8 | M15: 회 | N15: =F15*I15*L15 -> 2000000
D16: 교통비 | E16: 교통비 | F16: 10000 | G16: 원 | H16: × | I16: 1 | J16: 인 | K16: x | L16: 28 | M16: 회 | N16: =F16*I16*L16 -> 280000
C17: ■ 일용직활용비 | D17: 단기근로자 활용 | E17: 안전관리요원 | F17: 20000 | G17: 원 | H17: x | I17: 8 | J17: 인 | K17: x | L17: 22 | M17: 회 | N17: =F17*I17*L17 -> 3520000
E18: 진행요원 | F18: 20000 | G18: 원 | H18: x | I18: 8 | J18: 인 | K18: x | L18: 22 | M18: 회 | N18: =F18*I18*L18 -> 3520000
C19: ■ 회의비 | D19: 행사 식다과비 | E19: 성과공유회, 강사교육 식비/임차료 | F19: 25000 | G19: 원 | H19: x | I19: 20 | J19: 인 | K19: x | L19: 1 | M19: 회 | N19: =F19*I19*L19 -> 500000
D20: 교육생 식다과비 | E20: 강사. 학생 식비, 다과비 | F20: 10000 | G20: 원 | H20: x | I20: 22 | J20: 인 | K20: x | L20: 58 | M20: 회 | N20: =F20*I20*L20 -> 12760000
C21: ■ 제세공과·수수료·공공요금 | D21: 보험료 | E21: 보험료 | F21: 500 | G21: 원 | H21: x | I21: 20 | J21: 인 | K21: x | L21: 27 | M21: 회 | N21: =F21*I21*L21 -> 270000
N22: =F22*I22*L22 -> 0
C23: ■ 우편요금·택배비 | D23: 운송 비용 | E23: 택배비(교구, 노트북 등) | F23: 10000 | G23: 원 | H23: x | I23: 32 | J23: 반 | K23: x | L23: 2 | M23: 회 | N23: =F23*I23*L23 -> 640000
N24: =F24*I24*L24 -> 0
C25: ■ 기타 경비 | N25: =F25*I25*L25 -> 0
A26: 총계 | N26: =SUM(N5:N25) -> 131888560
A28: □ 작성가이드(※ 작성 전 안내 사항 반드시 확인 후 제출합니다)
A29: [프로그램 운영비 편성 시 고려사항] 1. 실 작성 시 모든 폰트는 검은색으로 변경하여 작성 2. 제안 프로그램 수에 맞게 각각의 운영비 산출 필요(예. 제안프로그램 6종→세부 산출내역서 6부(시트) 필요) 3. 매입부가세가 발생하는 항목은 공급가액 기준으로 작성, 강사료, 보험료 등 매입부가세와 관련없는 항목은 실 집행금액 작성 4. 장비 및 교구재, 교육장 등 기준인원이 있는 항목은 각 항목별 비고란에 1대(개,실,부 등)당 기준인원수 필수 기입 5. 장비 및 교구재, 교육장 등의 금액(공급가액)은 실제 1대(개,실,부 등)당 임차 또는 구매 금액으로, 수량은 실 갯수 기입 (산출내역 수량 및 횟수 단위에 사람 수(人) 기준 단위로 변경 불가) 6. 단위는 가급적 변경을 지양하고, 불가피하게 변경하더라도 1식 등의 모호한 표현 금지 7. 프로그램별 산출이 어려운 행사, 강사 연수 비용 등은 총 필요 예산을 제안 프로그램별 적절하게 분배하여 기입 가능 8. 프로그램별 실제 운영에 필요한 비용으로 계상하되 전체 제안프로그램 운영비 및 사업관리비, 간접비의 합계가 신청유형별(새싹A/B) 최대 예산을 넘지않도록 주의

Sheet C프로그램
A1: (다문화 AI 큐레이터 ) 프로그램 세부 산출내역서
A3: 비목 | B3: 세목 | C3: 세세목 | D3: 관리목 | E3: 산출내역 | N3: 금액 | O3: 비고
E4: 품명 | F4: 금액(공급가액) | G4: 단위 | H4: x | I4: 수량 | J4: 단위 | K4: x | L4: 횟수 | M4: 단위
B5: 사업운영비 | C5: ■ 시설·장비 임차비 | D5: 장비임차 | E5: 노트북 | F5: 40000 | G5: 원 | H5: × | I5: 9 | J5: 대 | K5: × | L5: 8 | M5: 개월 | N5: =F5*I5*L5 -> 2880000
G6: 원 | H6: × | J6: 대 | K6: x | M6: 회 | N6: =F6*I6*L6 -> 0
G7: 원 | H7: × | J7: 실 | K7: x | M7: 회 | N7: =F7*I7*L7 -> 0
C8: ■ 재료구입비 | D8: 교구 구매(교구, 범용성) | E8: 리치보드, 디스플레이류(4종) | F8: 77000 | G8: 원 | H8: × | I8: 169 | J8: 개 | K8: x | L8: 1 | M8: 회 | N8: =F8*I8*L8 -> 13013000
D9: 교구 구매(일회성) | E9: 창산용 문구류 | F9: 5751 | G9: 원 | H9: × | I9: 20 | J9: 개 | K9: x | L9: 28 | M9: 회 | N9: =F9*I9*L9 -> 3220560
C10: ■ 인쇄·복사·인화· 슬라이드 제작비 | G10: 원 | H10: × | J10: 부 | K10: x | M10: 회 | N10: =F10*I10*L10 -> 0
N11: =F11*I11*L11 -> 0
C12: ■ 외부 전문가 기술 활용비 | D12: 강사료 | E12: 주강사료 | F12: 100000 | G12: 원 | H12: × | I12: 8 | J12: 인 | K12: x | L12: 36 | M12: 회 | N12: =F12*I12*L12 -> 28800000
D13: 강사료 | E13: 보조강사료 | F13: 60000 | G13: 원 | H13: x | I13: 8 | J13: 인 | K13: x | L13: 36 | M13: 회 | N13: =F13*I13*L13 -> 17280000
D14: 외부전문가 활용 | E14: 자문 및 강사교육용 강사료 | F14: 100000 | G14: 원 | H14: x | I14: 1 | J14: 인 | K14: x | L14: 40 | M14: 회 | N14: =F14*I14*L14 -> 4000000
D15: 외부전문가 활용 | E15: 교육 프로그램 고도화 | F15: 250000 | G15: 원 | H15: × | I15: 1 | J15: 인 | K15: x | L15: 8 | M15: 회 | N15: =F15*I15*L15 -> 2000000
D16: 교통비 | E16: 교통비 | F16: 10000 | G16: 원 | H16: × | I16: 1 | J16: 인 | K16: x | L16: 28 | M16: 회 | N16: =F16*I16*L16 -> 280000
C17: ■ 일용직활용비 | D17: 단기근로자 활용 | E17: 안전관리요원 | F17: 20000 | G17: 원 | H17: x | I17: 8 | J17: 인 | K17: x | L17: 22 | M17: 회 | N17: =F17*I17*L17 -> 3520000
E18: 진행요원 | F18: 20000 | G18: 원 | H18: x | I18: 8 | J18: 인 | K18: x | L18: 22 | M18: 회 | N18: =F18*I18*L18 -> 3520000
C19: ■ 회의비 | D19: 행사 식다과비 | E19: 성과공유회, 강사교육 식비/임차료 | F19: 25000 | G19: 원 | H19: x | I19: 40 | J19: 인 | K19: x | L19: 1 | M19: 회 | N19: =F19*I19*L19 -> 1000000
D20: 교육생 식다과비 | E20: 강사. 학생 식비, 다과비 | F20: 10000 | G20: 원 | H20: x | I20: 22 | J20: 인 | K20: x | L20: 58 | M20: 회 | N20: =F20*I20*L20 -> 12760000
C21: ■ 제세공과·수수료·공공요금 | D21: 보험료 | E21: 보험료 | F21: 500 | G21: 원 | H21: x | I21: 20 | J21: 인 | K21: x | L21: 27 | M21: 회 | N21: =F21*I21*L21 -> 270000
N22: =F22*I22*L22 -> 0
C23: ■ 우편요금·택배비 | D23: 운송 비용 | E23: 택배비(교구, 노트북 등) | F23: 10000 | G23: 원 | H23: x | I23: 32 | J23: 반 | K23: x | L23: 3 | M23: 회 | N23: =F23*I23*L23 -> 960000
N24: =F24*I24*L24 -> 0
C25: ■ 기타 경비 | N25: =F25*I25*L25 -> 0
A26: 총계 | N26: =SUM(N5:N25) -> 93503560
A28: □ 작성가이드(※ 작성 전 안내 사항 반드시 확인 후 제출합니다)
A29: [프로그램 운영비 편성 시 고려사항] 1. 실 작성 시 모든 폰트는 검은색으로 변경하여 작성 2. 제안 프로그램 수에 맞게 각각의 운영비 산출 필요(예. 제안프로그램 6종→세부 산출내역서 6부(시트) 필요) 3. 매입부가세가 발생하는 항목은 공급가액 기준으로 작성, 강사료, 보험료 등 매입부가세와 관련없는 항목은 실 집행금액 작성 4. 장비 및 교구재, 교육장 등 기준인원이 있는 항목은 각 항목별 비고란에 1대(개,실,부 등)당 기준인원수 필수 기입 5. 장비 및 교구재, 교육장 등의 금액(공급가액)은 실제 1대(개,실,부 등)당 임차 또는 구매 금액으로, 수량은 실 갯수 기입 (산출내역 수량 및 횟수 단위에 사람 수(人) 기준 단위로 변경 불가) 6. 단위는 가급적 변경을 지양하고, 불가피하게 변경하더라도 1식 등의 모호한 표현 금지 7. 프로그램별 산출이 어려운 행사, 강사 연수 비용 등은 총 필요 예산을 제안 프로그램별 적절하게 분배하여 기입 가능 8. 프로그램별 실제 운영에 필요한 비용으로 계상하되 전체 제안프로그램 운영비 및 사업관리비, 간접비의 합계가 신청유형별(새싹A/B) 최대 예산을 넘지않도록 주의

Sheet D프로그램
A1: (재난안전 AI로봇 운용관) 프로그램 세부 산출내역서
A3: 비목 | B3: 세목 | C3: 세세목 | D3: 관리목 | E3: 산출내역 | N3: 금액 | O3: 비고
E4: 품명 | F4: 금액(공급가액) | G4: 단위 | H4: x | I4: 수량 | J4: 단위 | K4: x | L4: 횟수 | M4: 단위
B5: 사업운영비 | C5: ■ 시설·장비 임차비 | D5: 장비임차 | E5: 노트북 | F5: 40000 | G5: 원 | H5: × | I5: 9 | J5: 대 | K5: × | L5: 8 | M5: 개월 | N5: =F5*I5*L5 -> 2880000
G6: 원 | H6: × | J6: 대 | K6: x | M6: 회 | N6: =F6*I6*L6 -> 0
G7: 원 | H7: × | J7: 실 | K7: x | M7: 회 | N7: =F7*I7*L7 -> 0
C8: ■ 재료구입비 | D8: 교구 구매(교구, 범용성) | E8: 캐터필러, 무선캠, 집게, 배터리 | F8: 298000 | G8: 원 | H8: × | I8: 218 | J8: 개 | K8: x | L8: 1 | M8: 회 | N8: =F8*I8*L8 -> 64964000
D9: 교구 구매(일회성) | E9: 창산용 문구류 | F9: 5751 | G9: 원 | H9: × | I9: 20 | J9: 개 | K9: x | L9: 28 | M9: 회 | N9: =F9*I9*L9 -> 3220560
C10: ■ 인쇄·복사·인화· 슬라이드 제작비 | G10: 원 | H10: × | J10: 부 | K10: x | M10: 회 | N10: =F10*I10*L10 -> 0
N11: =F11*I11*L11 -> 0
C12: ■ 외부 전문가 기술 활용비 | D12: 강사료 | E12: 주강사료 | F12: 100000 | G12: 원 | H12: × | I12: 8 | J12: 인 | K12: x | L12: 36 | M12: 회 | N12: =F12*I12*L12 -> 28800000
D13: 강사료 | E13: 보조강사료 | F13: 60000 | G13: 원 | H13: x | I13: 8 | J13: 인 | K13: x | L13: 36 | M13: 회 | N13: =F13*I13*L13 -> 17280000
D14: 외부전문가 활용 | E14: 자문 및 강사교육용 강사료 | F14: 100000 | G14: 원 | H14: x | I14: 1 | J14: 인 | K14: x | L14: 40 | M14: 회 | N14: =F14*I14*L14 -> 4000000
D15: 외부전문가 활용 | E15: 교육 프로그램 고도화 | F15: 250000 | G15: 원 | H15: × | I15: 1 | J15: 인 | K15: x | L15: 8 | M15: 회 | N15: =F15*I15*L15 -> 2000000
D16: 교통비 | E16: 교통비 | F16: 10000 | G16: 원 | H16: × | I16: 1 | J16: 인 | K16: x | L16: 28 | M16: 회 | N16: =F16*I16*L16 -> 280000
C17: ■ 일용직활용비 | D17: 단기근로자 활용 | E17: 안전관리요원 | F17: 20000 | G17: 원 | H17: x | I17: 8 | J17: 인 | K17: x | L17: 22 | M17: 회 | N17: =F17*I17*L17 -> 3520000
E18: 진행요원 | F18: 20000 | G18: 원 | H18: x | I18: 8 | J18: 인 | K18: x | L18: 22 | M18: 회 | N18: =F18*I18*L18 -> 3520000
C19: ■ 회의비 | D19: 행사 식다과비 | E19: 성과공유회, 강사교육 식비/임차료 | F19: 25000 | G19: 원 | H19: x | I19: 40 | J19: 인 | K19: x | L19: 1 | M19: 회 | N19: =F19*I19*L19 -> 1000000
D20: 교육생 식다과비 | E20: 강사. 학생 식비, 다과비 | F20: 10000 | G20: 원 | H20: x | I20: 22 | J20: 인 | K20: x | L20: 58 | M20: 회 | N20: =F20*I20*L20 -> 12760000
C21: ■ 제세공과·수수료·공공요금 | D21: 보험료 | E21: 보험료 | F21: 500 | G21: 원 | H21: x | I21: 20 | J21: 인 | K21: x | L21: 27 | M21: 회 | N21: =F21*I21*L21 -> 270000
N22: =F22*I22*L22 -> 0
C23: ■ 우편요금·택배비 | D23: 운송 비용 | E23: 택배비(교구, 노트북 등) | F23: 10000 | G23: 원 | H23: x | I23: 32 | J23: 반 | K23: x | L23: 3 | M23: 회 | N23: =F23*I23*L23 -> 960000
N24: =F24*I24*L24 -> 0
C25: ■ 기타 경비 | N25: =F25*I25*L25 -> 0
A26: 총계 | N26: =SUM(N5:N25) -> 145454560
A28: □ 작성가이드(※ 작성 전 안내 사항 반드시 확인 후 제출합니다) | U28: `
A29: [프로그램 운영비 편성 시 고려사항] 1. 실 작성 시 모든 폰트는 검은색으로 변경하여 작성 2. 제안 프로그램 수에 맞게 각각의 운영비 산출 필요(예. 제안프로그램 6종→세부 산출내역서 6부(시트) 필요) 3. 매입부가세가 발생하는 항목은 공급가액 기준으로 작성, 강사료, 보험료 등 매입부가세와 관련없는 항목은 실 집행금액 작성 4. 장비 및 교구재, 교육장 등 기준인원이 있는 항목은 각 항목별 비고란에 1대(개,실,부 등)당 기준인원수 필수 기입 5. 장비 및 교구재, 교육장 등의 금액(공급가액)은 실제 1대(개,실,부 등)당 임차 또는 구매 금액으로, 수량은 실 갯수 기입 (산출내역 수량 및 횟수 단위에 사람 수(人) 기준 단위로 변경 불가) 6. 단위는 가급적 변경을 지양하고, 불가피하게 변경하더라도 1식 등의 모호한 표현 금지 7. 프로그램별 산출이 어려운 행사, 강사 연수 비용 등은 총 필요 예산을 제안 프로그램별 적절하게 분배하여 기입 가능 8. 프로그램별 실제 운영에 필요한 비용으로 계상하되 전체 제안프로그램 운영비 및 사업관리비, 간접비의 합계가 신청유형별(새싹A/B) 최대 예산을 넘지않도록 주의

Sheet E프로그램
A1: (AI데이터 분석관 ) 프로그램 세부 산출내역서
A3: 비목 | B3: 세목 | C3: 세세목 | D3: 관리목 | E3: 산출내역 | N3: 금액 | O3: 비고
E4: 품명 | F4: 금액(공급가액) | G4: 단위 | H4: x | I4: 수량 | J4: 단위 | K4: x | L4: 횟수 | M4: 단위
B5: 사업운영비 | C5: ■ 시설·장비 임차비 | D5: 장비임차 | E5: 노트북 | F5: 40000 | G5: 원 | H5: × | I5: 9 | J5: 대 | K5: × | L5: 8 | M5: 개월 | N5: =F5*I5*L5 -> 2880000
D6: 장비임차 | E6: 캔바5 | F6: 230000 | G6: 원 | H6: × | I6: 1 | J6: 개 | K6: x | L6: 1 | M6: 회 | N6: =F6*I6*L6 -> 230000
G7: 원 | H7: × | J7: 실 | K7: x | M7: 회 | N7: =F7*I7*L7 -> 0
C8: ■ 재료구입비 | D8: 교구 구매(교구, 범용성) | E8: 리치보드, 센서류(5종) | F8: 77000 | G8: 원 | H8: × | I8: 175 | J8: 개 | K8: x | L8: 1 | M8: 회 | N8: =F8*I8*L8 -> 13475000
D9: 교구 구매(일회성) | E9: 창산용 문구류 | F9: 5751 | G9: 원 | H9: × | I9: 20 | J9: 개 | K9: x | L9: 28 | M9: 회 | N9: =F9*I9*L9 -> 3220560
C10: ■ 인쇄·복사·인화· 슬라이드 제작비 | G10: 원 | H10: × | J10: 부 | K10: x | M10: 회 | N10: =F10*I10*L10 -> 0
N11: =F11*I11*L11 -> 0
C12: ■ 외부 전문가 기술 활용비 | D12: 강사료 | E12: 주강사료 | F12: 100000 | G12: 원 | H12: × | I12: 8 | J12: 인 | K12: x | L12: 36 | M12: 회 | N12: =F12*I12*L12 -> 28800000
D13: 강사료 | E13: 보조강사료 | F13: 60000 | G13: 원 | H13: x | I13: 8 | J13: 인 | K13: x | L13: 36 | M13: 회 | N13: =F13*I13*L13 -> 17280000
D14: 외부전문가 활용 | E14: 자문 및 강사교육용 강사료 | F14: 100000 | G14: 원 | H14: x | I14: 1 | J14: 인 | K14: x | L14: 40 | M14: 회 | N14: =F14*I14*L14 -> 4000000
D15: 외부전문가 활용 | E15: 교육 프로그램 고도화 | F15: 250000 | G15: 원 | H15: × | I15: 1 | J15: 인 | K15: x | L15: 8 | M15: 회 | N15: =F15*I15*L15 -> 2000000
D16: 교통비 | E16: 교통비 | F16: 10000 | G16: 원 | H16: × | I16: 1 | J16: 인 | K16: x | L16: 28 | M16: 회 | N16: =F16*I16*L16 -> 280000
C17: ■ 일용직활용비 | D17: 단기근로자 활용 | E17: 안전관리요원 | F17: 20000 | G17: 원 | H17: x | I17: 8 | J17: 인 | K17: x | L17: 22 | M17: 회 | N17: =F17*I17*L17 -> 3520000
E18: 진행요원 | F18: 20000 | G18: 원 | H18: x | I18: 8 | J18: 인 | K18: x | L18: 22 | M18: 회 | N18: =F18*I18*L18 -> 3520000
C19: ■ 회의비 | D19: 행사 식다과비 | E19: 성과공유회, 강사교육 식비/임차료 | F19: 25000 | G19: 원 | H19: x | I19: 40 | J19: 인 | K19: x | L19: 1 | M19: 회 | N19: =F19*I19*L19 -> 1000000
D20: 교육생 식다과비 | E20: 강사. 학생 식비, 다과비 | F20: 10000 | G20: 원 | H20: x | I20: 22 | J20: 인 | K20: x | L20: 58 | M20: 회 | N20: =F20*I20*L20 -> 12760000
C21: ■ 제세공과·수수료·공공요금 | D21: 보험료 | E21: 보험료 | F21: 500 | G21: 원 | H21: x | I21: 20 | J21: 인 | K21: x | L21: 27 | M21: 회 | N21: =F21*I21*L21 -> 270000
N22: =F22*I22*L22 -> 0
C23: ■ 우편요금·택배비 | D23: 운송 비용 | E23: 택배비(교구, 노트북 등) | F23: 10000 | G23: 원 | H23: x | I23: 32 | J23: 반 | K23: x | L23: 3 | M23: 회 | N23: =F23*I23*L23 -> 960000
N24: =F24*I24*L24 -> 0
C25: ■ 기타 경비 | N25: =F25*I25*L25 -> 0
A26: 총계 | N26: =SUM(N5:N25) -> 94195560
A28: □ 작성가이드(※ 작성 전 안내 사항 반드시 확인 후 제출합니다) | U28: `
A29: [프로그램 운영비 편성 시 고려사항] 1. 실 작성 시 모든 폰트는 검은색으로 변경하여 작성 2. 제안 프로그램 수에 맞게 각각의 운영비 산출 필요(예. 제안프로그램 6종→세부 산출내역서 6부(시트) 필요) 3. 매입부가세가 발생하는 항목은 공급가액 기준으로 작성, 강사료, 보험료 등 매입부가세와 관련없는 항목은 실 집행금액 작성 4. 장비 및 교구재, 교육장 등 기준인원이 있는 항목은 각 항목별 비고란에 1대(개,실,부 등)당 기준인원수 필수 기입 5. 장비 및 교구재, 교육장 등의 금액(공급가액)은 실제 1대(개,실,부 등)당 임차 또는 구매 금액으로, 수량은 실 갯수 기입 (산출내역 수량 및 횟수 단위에 사람 수(人) 기준 단위로 변경 불가) 6. 단위는 가급적 변경을 지양하고, 불가피하게 변경하더라도 1식 등의 모호한 표현 금지 7. 프로그램별 산출이 어려운 행사, 강사 연수 비용 등은 총 필요 예산을 제안 프로그램별 적절하게 분배하여 기입 가능 8. 프로그램별 실제 운영에 필요한 비용으로 계상하되 전체 제안프로그램 운영비 및 사업관리비, 간접비의 합계가 신청유형별(새싹A/B) 최대 예산을 넘지않도록 주의

Sheet F프로그램
A1: (강화학습 자율주행AI 개발자(Sim2Real)) 프로그램 세부 산출내역서
A3: 비목 | B3: 세목 | C3: 세세목 | D3: 관리목 | E3: 산출내역 | N3: 금액 | O3: 비고
E4: 품명 | F4: 금액(공급가액) | G4: 단위 | H4: x | I4: 수량 | J4: 단위 | K4: x | L4: 횟수 | M4: 단위
B5: 사업운영비 | C5: ■ 시설·장비 임차비 | D5: 장비임차 | E5: 노트북 | F5: 40000 | G5: 원 | H5: × | I5: 9 | J5: 대 | K5: × | L5: 8 | M5: 개월 | N5: =F5*I5*L5 -> 2880000
D6: 장비임차 | E6: Gemini, ChatGPT 6.7 | F6: 210000 | G6: 원 | H6: × | I6: 1 | J6: 개 | K6: x | L6: 2 | M6: 개월 | N6: =F6*I6*L6 -> 420000
D7: 장비임차 | E7: 클로드6.7 | F7: 1155000 | G7: 원 | H7: × | I7: 1 | J7: 개 | K7: x | L7: 2 | M7: 개월 | N7: =F7*I7*L7 -> 2310000
C8: ■ 재료구입비 | D8: 교구 구매(교구, 범용성) | E8: 더듬이 자동차 + 배터리 | F8: 298000 | G8: 원 | H8: × | I8: 134 | J8: 개 | K8: x | L8: 1 | M8: 회 | N8: =F8*I8*L8 -> 39932000
D9: 교구 구매(일회성) | E9: 창산용 문구류 | F9: 5751 | G9: 원 | H9: × | I9: 20 | J9: 개 | K9: x | L9: 30 | M9: 회 | N9: =F9*I9*L9 -> 3450600
C10: ■ 인쇄·복사·인화· 슬라이드 제작비 | G10: 원 | H10: × | J10: 부 | K10: x | M10: 회 | N10: =F10*I10*L10 -> 0
N11: =F11*I11*L11 -> 0
C12: ■ 외부 전문가 기술 활용비 | D12: 강사료 | E12: 주강사료 | F12: 100000 | G12: 원 | H12: × | I12: 8 | J12: 인 | K12: x | L12: 37 | M12: 회 | N12: =F12*I12*L12 -> 29600000
D13: 강사료 | E13: 보조강사료 | F13: 60000 | G13: 원 | H13: x | I13: 8 | J13: 인 | K13: x | L13: 37 | M13: 회 | N13: =F13*I13*L13 -> 17760000
D14: 외부전문가 활용 | E14: 자문 및 강사교육용 강사료 | F14: 100000 | G14: 원 | H14: x | I14: 1 | J14: 인 | K14: x | L14: 45 | M14: 회 | N14: =F14*I14*L14 -> 4500000
D15: 외부전문가 활용 | E15: 교육 프로그램 고도화 | F15: 250000 | G15: 원 | H15: × | I15: 1 | J15: 인 | K15: x | L15: 12 | M15: 회 | N15: =F15*I15*L15 -> 3000000
D16: 교통비 | E16: 교통비 | F16: 10000 | G16: 원 | H16: × | I16: 1 | J16: 인 | K16: x | L16: 30 | M16: 회 | N16: =F16*I16*L16 -> 300000
C17: ■ 일용직활용비 | D17: 단기근로자 활용 | E17: 안전관리요원 | F17: 20000 | G17: 원 | H17: x | I17: 8 | J17: 인 | K17: x | L17: 25 | M17: 회 | N17: =F17*I17*L17 -> 4000000
E18: 진행요원 | F18: 20000 | G18: 원 | H18: x | I18: 8 | J18: 인 | K18: x | L18: 25 | M18: 회 | N18: =F18*I18*L18 -> 4000000
C19: ■ 회의비 | D19: 행사 식다과비 | E19: 성과공유회, 강사교육 식비/임차료 | F19: 25000 | G19: 원 | H19: x | I19: 40 | J19: 인 | K19: x | L19: 1 | M19: 회 | N19: =F19*I19*L19 -> 1000000
D20: 교육생 식다과비 | E20: 강사. 학생 식비, 다과비 | F20: 10000 | G20: 원 | H20: x | I20: 22 | J20: 인 | K20: x | L20: 60 | M20: 회 | N20: =F20*I20*L20 -> 13200000
C21: ■ 제세공과·수수료·공공요금 | D21: 보험료 | E21: 보험료 | F21: 500 | G21: 원 | H21: x | I21: 20 | J21: 인 | K21: x | L21: 29 | M21: 회 | N21: =F21*I21*L21 -> 290000
N22: =F22*I22*L22 -> 0
C23: ■ 우편요금·택배비 | D23: 운송 비용 | E23: 택배비(교구, 노트북 등) | F23: 10000 | G23: 원 | H23: x | I23: 32 | J23: 반 | K23: x | L23: 3 | M23: 회 | N23: =F23*I23*L23 -> 960000
N24: =F24*I24*L24 -> 0
C25: ■ 기타 경비 | N25: =F25*I25*L25 -> 0
A26: 총계 | N26: =SUM(N5:N25) -> 127602600
A28: □ 작성가이드(※ 작성 전 안내 사항 반드시 확인 후 제출합니다) | U28: `
A29: [프로그램 운영비 편성 시 고려사항] 1. 실 작성 시 모든 폰트는 검은색으로 변경하여 작성 2. 제안 프로그램 수에 맞게 각각의 운영비 산출 필요(예. 제안프로그램 6종→세부 산출내역서 6부(시트) 필요) 3. 매입부가세가 발생하는 항목은 공급가액 기준으로 작성, 강사료, 보험료 등 매입부가세와 관련없는 항목은 실 집행금액 작성 4. 장비 및 교구재, 교육장 등 기준인원이 있는 항목은 각 항목별 비고란에 1대(개,실,부 등)당 기준인원수 필수 기입 5. 장비 및 교구재, 교육장 등의 금액(공급가액)은 실제 1대(개,실,부 등)당 임차 또는 구매 금액으로, 수량은 실 갯수 기입 (산출내역 수량 및 횟수 단위에 사람 수(人) 기준 단위로 변경 불가) 6. 단위는 가급적 변경을 지양하고, 불가피하게 변경하더라도 1식 등의 모호한 표현 금지 7. 프로그램별 산출이 어려운 행사, 강사 연수 비용 등은 총 필요 예산을 제안 프로그램별 적절하게 분배하여 기입 가능 8. 프로그램별 실제 운영에 필요한 비용으로 계상하되 전체 제안프로그램 운영비 및 사업관리비, 간접비의 합계가 신청유형별(새싹A/B) 최대 예산을 넘지않도록 주의

Sheet G프로그램
A1: (피지컬AI 어플리케이션 개발자) 프로그램 세부 산출내역서
A3: 비목 | B3: 세목 | C3: 세세목 | D3: 관리목 | E3: 산출내역 | N3: 금액 | O3: 비고
E4: 품명 | F4: 금액(공급가액) | G4: 단위 | H4: x | I4: 수량 | J4: 단위 | K4: x | L4: 횟수 | M4: 단위
B5: 사업운영비 | C5: ■ 시설·장비 임차비 | D5: 장비임차 | E5: 노트북 | F5: 40000 | G5: 원 | H5: × | I5: 8 | J5: 대 | K5: × | L5: 8 | M5: 개월 | N5: =F5*I5*L5 -> 2560000
D6: 장비임차 | E6: ZOOM 1.7 | F6: 30000 | G6: 원 | H6: × | I6: 1 | J6: 대 | K6: x | L6: 17 | M6: 회 | N6: =F6*I6*L6 -> 510000
D7: 장비임차 | E7: Gemini, ChatGPT 6.7 | F7: 210000 | G7: 원 | H7: × | I7: 1 | J7: 개 | K7: x | L7: 2 | M7: 개월 | N7: =F7*I7*L7 -> 420000
D8: 장비임차 | E8: 클로드6.7 | F8: 1155000 | G8: 원 | H8: × | I8: 1 | J8: 개 | K8: x | L8: 2 | M8: 개월 | N8: =F8*I8*L8 -> 2310000
C9: ■ 재료구입비 | D9: 교구 구매(교구, 범용성) | E9: ESP32세트 + 클로드 | F9: 298000 | G9: 원 | H9: × | I9: 108 | J9: 개 | K9: x | L9: 1 | M9: 회 | N9: =F9*I9*L9 -> 32184000
D10: 교구 구매(일회성) | E10: 창산용 문구류 | F10: 5751 | G10: 원 | H10: × | I10: 20 | J10: 개 | K10: x | L10: 30 | M10: 회 | N10: =F10*I10*L10 -> 3450600
C11: ■ 인쇄·복사·인화· 슬라이드 제작비 | G11: 원 | H11: × | J11: 부 | K11: x | M11: 회 | N11: =F11*I11*L11 -> 0
N12: =F12*I12*L12 -> 0
C13: ■ 외부 전문가 기술 활용비 | D13: 강사료 | E13: 주강사료 | F13: 100000 | G13: 원 | H13: × | I13: 8 | J13: 인 | K13: x | L13: 36 | M13: 회 | N13: =F13*I13*L13 -> 28800000
D14: 강사료 | E14: 보조강사료 | F14: 60000 | G14: 원 | H14: x | I14: 8 | J14: 인 | K14: x | L14: 36 | M14: 회 | N14: =F14*I14*L14 -> 17280000
D15: 외부전문가 활용 | E15: 자문 및 강사교육용 강사료 | F15: 100000 | G15: 원 | H15: x | I15: 1 | J15: 인 | K15: x | L15: 46 | M15: 회 | N15: =F15*I15*L15 -> 4600000
D16: 외부전문가 활용 | E16: 교육 프로그램 고도화 | F16: 250000 | G16: 원 | H16: × | I16: 1 | J16: 인 | K16: x | L16: 12 | M16: 회 | N16: =F16*I16*L16 -> 3000000
D17: 교통비 | E17: 교통비 | F17: 10000 | G17: 원 | H17: × | I17: 1 | J17: 인 | K17: x | L17: 30 | M17: 회 | N17: =F17*I17*L17 -> 300000
C18: ■ 일용직활용비 | D18: 단기근로자 활용 | E18: 안전관리요원 | F18: 20000 | G18: 원 | H18: x | I18: 8 | J18: 인 | K18: x | L18: 25 | M18: 회 | N18: =F18*I18*L18 -> 4000000
E19: 진행요원 | F19: 20000 | G19: 원 | H19: x | I19: 8 | J19: 인 | K19: x | L19: 25 | M19: 회 | N19: =F19*I19*L19 -> 4000000
C20: ■ 회의비 | D20: 행사 식다과비 | E20: 성과공유회, 강사교육 식비/임차료 | F20: 25000 | G20: 원 | H20: x | I20: 40 | J20: 인 | K20: x | L20: 1 | M20: 회 | N20: =F20*I20*L20 -> 1000000
D21: 교육생 식다과비 | E21: 강사. 학생 식비, 다과비 | F21: 10000 | G21: 원 | H21: x | I21: 22 | J21: 인 | K21: x | L21: 60 | M21: 회 | N21: =F21*I21*L21 -> 13200000
C22: ■ 제세공과·수수료·공공요금 | D22: 보험료 | E22: 보험료 | F22: 500 | G22: 원 | H22: x | I22: 20 | J22: 인 | K22: x | L22: 29 | M22: 회 | N22: =F22*I22*L22 -> 290000
N23: =F23*I23*L23 -> 0
C24: ■ 우편요금·택배비 | D24: 운송 비용 | E24: 택배비(교구, 노트북 등) | F24: 10000 | G24: 원 | H24: x | I24: 32 | J24: 반 | K24: x | L24: 3 | M24: 회 | N24: =F24*I24*L24 -> 960000
N25: =F25*I25*L25 -> 0
C26: ■ 기타 경비 | N26: =F26*I26*L26 -> 0
A27: 총계 | N27: =SUM(N5:N26) -> 118864600
A29: □ 작성가이드(※ 작성 전 안내 사항 반드시 확인 후 제출합니다) | U29: `
A30: [프로그램 운영비 편성 시 고려사항] 1. 실 작성 시 모든 폰트는 검은색으로 변경하여 작성 2. 제안 프로그램 수에 맞게 각각의 운영비 산출 필요(예. 제안프로그램 6종→세부 산출내역서 6부(시트) 필요) 3. 매입부가세가 발생하는 항목은 공급가액 기준으로 작성, 강사료, 보험료 등 매입부가세와 관련없는 항목은 실 집행금액 작성 4. 장비 및 교구재, 교육장 등 기준인원이 있는 항목은 각 항목별 비고란에 1대(개,실,부 등)당 기준인원수 필수 기입 5. 장비 및 교구재, 교육장 등의 금액(공급가액)은 실제 1대(개,실,부 등)당 임차 또는 구매 금액으로, 수량은 실 갯수 기입 (산출내역 수량 및 횟수 단위에 사람 수(人) 기준 단위로 변경 불가) 6. 단위는 가급적 변경을 지양하고, 불가피하게 변경하더라도 1식 등의 모호한 표현 금지 7. 프로그램별 산출이 어려운 행사, 강사 연수 비용 등은 총 필요 예산을 제안 프로그램별 적절하게 분배하여 기입 가능 8. 프로그램별 실제 운영에 필요한 비용으로 계상하되 전체 제안프로그램 운영비 및 사업관리비, 간접비의 합계가 신청유형별(새싹A/B) 최대 예산을 넘지않도록 주의

Sheet 총 사업비 산출
A1: 총 사업비 산출내역서
A3: 비목 | B3: 세목 | C3: 세세목 | D3: 관리목 | E3: 산출내역 | N3: 금액 | O3: 구성비
E4: 품명 | F4: 금액(공급가액) | G4: 단위 | H4: x | I4: 수량 | J4: 단위 | K4: x | L4: 횟수 | M4: 단위
A5: 직접비 | B5: 사업운영비 | C5: ■ 시설·장비 임차비 | D5: 장비임차 | E5: 노트북 | F5: 40000 | G5: 원 | H5: × | I5: 62 | J5: 대 | K5: × | L5: 8 | M5: 개월 | N5: =F5*I5*L5 -> 19840000 | O5: =N33/N48 -> 0.850063 | P5: 노트북 1일 대여 62대 * 8개월
D6: 장비임차 | E6: ZOOM 1.7 | F6: 30000 | G6: 원 | H6: × | I6: 1 | J6: 대 | K6: x | L6: 34 | M6: 회 | N6: =F6*I6*L6 -> 1020000 | P6: 1. 서울,인천 및 전국 단위의 강사 교육 / 비대면 교육/ 보조 강사 수업 전 컨설팅, 안전 요원 교육 시에 활용 2. 여름철 태풍이나 비상시 비대면 교육 전환시 활용__1개/8개월, 7개/4개월 사용
D7: 장비임차 | E7: Gemini, ChatGPT 6.7 | F7: 210000 | G7: 원 | H7: × | I7: 1 | J7: 개 | K7: x | L7: 4 | M7: 회 | N7: =F7*I7*L7 -> 840000 | P7: 1. 서울,인천 및 전국단위의 강사교육/비대면교육/보조강사 수업전 컨설팅, 안전요원 교육 시에 활용 2. 여름철 태풍이나 비상시 비대면 교육 전환 시 활용__ 월간 구독료 *4개월
D8: 장비임차 | E8: 클로드6.7 | F8: 1155000 | G8: 원 | H8: × | I8: 1 | J8: 개 | K8: x | L8: 4 | M8: 회 | N8: =F8*I8*L8 -> 4620000 | P8: 고등학생 프로그램(피지컬 AI 어필리케이션 제작자)의 강사 교육 및 교육 준비 상황에서 강사와 강사 교육 전문가에게 활용_월간 구독료 *4개월
D9: 장비임차 | E9: 캔바5 | F9: 230000 | G9: 원 | H9: × | I9: 1 | J9: 개 | K9: x | L9: 1 | M9: 회 | N9: =F9*I9*L9 -> 230000 | P9: 학생들의 수업 시간에 배운 내용의 결과물 시각화 제작) 청소년 센터,도서관 교육 시 활용_ 월간 구독료 *1개월
C10: ■ 재료구입비 | D10: 교구 구매 (교구, 범용성) | E10: 무선 카메라 | F10: 55000 | G10: 원 | H10: × | I10: 186 | J10: 개 | K10: x | L10: 1 | M10: 회 | N10: =F10*I10*L10 -> 10230000
D11: 교구 구매 (교구, 범용성) | E11: 오토바이, 주행코스, 배터리 | F11: 298000 | G11: 원 | H11: × | I11: 201 | J11: 개 | K11: x | L11: 1 | M11: 회 | N11: =F11*I11*L11 -> 59898000
D12: 교구 구매 (교구, 범용성) | E12: 리치보드, 디스플레이류(4종) | F12: 77000 | G12: 원 | H12: × | I12: 169 | J12: 개 | K12: x | L12: 1 | M12: 회 | N12: =F12*I12*L12 -> 13013000
D13: 교구 구매 (교구, 범용성) | E13: 캐터필러, 무선캠, 집게, 배터리 | F13: 298000 | G13: 원 | H13: × | I13: 218 | J13: 개 | K13: x | L13: 1 | M13: 회 | N13: =F13*I13*L13 -> 64964000
D14: 교구 구매 (교구, 범용성) | E14: 리치보드, 센서류(5종) | F14: 77000 | G14: 원 | H14: × | I14: 175 | J14: 개 | K14: x | L14: 1 | M14: 회 | N14: =F14*I14*L14 -> 13475000
D15: 교구 구매 (교구, 범용성) | E15: 더듬이 자동차 + 배터리 | F15: 298000 | G15: 원 | H15: × | I15: 134 | J15: 개 | K15: x | L15: 1 | M15: 회 | N15: =F15*I15*L15 -> 39932000
D16: 교구 구매 (교구, 범용성) | E16: ESP32세트 + 클로드 | F16: 298000 | G16: 원 | H16: × | I16: 108 | J16: 개 | K16: x | L16: 1 | M16: 회 | N16: =F16*I16*L16 -> 32184000
D17: 교구 구매(일회성) | E17: 창산용 문구류 | F17: 5751 | G17: 원 | H17: × | I17: 20 | J17: 개 | K17: x | L17: 200 | M17: 회 | N17: =F17*I17*L17 -> 23004000
C18: ■ 인쇄·복사·인화· 슬라이드 제작비 | G18: 원 | H18: × | J18: 부 | K18: x | M18: 회 | N18: =F18*I18*L18 -> 0
C19: ■ 외부 전문가 기술 활용비 | D19: 강사료 | E19: 주강사료 | F19: 100000 | G19: 원 | H19: × | I19: 8 | J19: 인 | K19: x | L19: 253 | M19: 회 | N19: =F19*I19*L19 -> 202400000
D20: 강사료 | E20: 보조강사료 | F20: 60000 | G20: 원 | H20: x | I20: 8 | J20: 인 | K20: x | L20: 253 | M20: 회 | N20: =F20*I20*L20 -> 121440000
D21: 외부전문가 활용 | E21: 자문 및 강사교육용 강사료 | F21: 100000 | G21: 원 | H21: x | I21: 1 | J21: 인 | K21: x | L21: 291 | M21: 회 | N21: =F21*I21*L21 -> 29100000
D22: 외부전문가 활용 | E22: 교육 프로그램 고도화 | F22: 250000 | G22: 원 | H22: × | I22: 1 | J22: 인 | K22: x | L22: 64 | M22: 회 | N22: =F22*I22*L22 -> 16000000
D23: 교통비 | E23: 교통비 | F23: 10000 | G23: 원 | H23: × | I23: 1 | J23: 인 | K23: x | L23: 200 | M23: 회 | N23: =F23*I23*L23 -> 2000000
C24: ■ 일용직활용비 | D24: 단기근로자 활용 | E24: 안전관리요원 | F24: 20000 | G24: 원 | H24: x | I24: 8 | J24: 인 | K24: x | L24: 160 | M24: 회 | N24: =F24*I24*L24 -> 25600000
E25: 진행요원 | F25: 20000 | G25: 원 | H25: x | I25: 8 | J25: 인 | K25: x | L25: 160 | M25: 회 | N25: =F25*I25*L25 -> 25600000
C26: ■ 회의비 | D26: 행사 식다과비 | E26: 성과공유회, 강사교육 식비/임차료 | F26: 25000 | G26: 원 | H26: x | I26: 40 | J26: 인 | K26: x | L26: 6 | M26: 회 | N26: =F26*I26*L26 -> 6000000
D27: 교육생 식다과비 | E27: 강사. 학생 식비, 다과비 | F27: 10000 | G27: 원 | H27: x | I27: 22 | J27: 인 | K27: x | L27: 410 | M27: 회 | N27: =F27*I27*L27 -> 90200000
C28: ■ 제세공과·수수료·공공요금 | D28: 보험료 | E28: 보험료 | F28: 500 | G28: 원 | H28: x | I28: 20 | J28: 인 | K28: x | L28: 193 | M28: 회 | N28: =F28*I28*L28 -> 1930000
N29: =F29*I29*L29 -> 0
C30: ■ 우편요금·택배비 | D30: 운송 비용 | E30: 택배비(교구, 노트북 등) | F30: 10000 | G30: 원 | H30: x | I30: 32 | J30: 반 | K30: x | L30: 19 | M30: 회 | N30: =F30*I30*L30 -> 6080000
N31: =F31*I31*L31 -> 0
C32: ■ 기타 경비 | N32: =F32*I32*L32 -> 0
B33: 사업운영비 소계(1) | N33: =SUM(N5:N32) -> 809600000
B34: 사업관리비 | C34: ■ 내부 인건비 | D34: 참여 인력 인건비 | E34: 행정연구원(강혜영) | F34: 4800000 | G34: 원 | H34: × | I34: 1 | J34: (참여율) | K34: x | L34: 7 | M34: 개월 | N34: =F34*I34*L34 -> 33600000 | O34: =N47/N48 -> 0.149937
E35: 행정연구원(이상원) | F35: 3600000 | G35: 원 | H35: × | I35: 1 | J35: (참여율) | K35: x | L35: 8 | M35: 개월 | N35: =F35*I35*L35 -> 28800000 | P35: 회의비 5월분(200만원)
E36: 학생연구원(정의손) | F36: 2200000 | G36: 원 | H36: × | I36: 1 | J36: (참여율) | K36: x | L36: 8 | M36: 개월 | N36: =F36*I36*L36 -> 17600000
E37: 학생연구원(김현일) | F37: 2200000 | G37: 원 | H37: × | I37: 1 | J37: (참여율) | K37: x | L37: 8 | M37: 개월 | N37: =F37*I37*L37 -> 17600000
E38: 보조연구원(학부) | F38: 1200000 | G38: 원 | H38: × | I38: 0.25 | J38: (참여율) | K38: x | L38: 8 | M38: 개월 | N38: =F38*I38*L38 -> 2400000
E39: 보조연구원(학부) | F39: 1200000 | G39: 원 | H39: × | I39: 0.5 | J39: (참여율) | K39: x | L39: 8 | M39: 개월 | N39: =F39*I39*L39 -> 4800000
D40: 참여 인력 사업 수당 | E40: 미지급인력 | F40: 800000 | G40: 원 | H40: × | I40: 1 | J40: 인 | K40: x | L40: 8 | M40: 개월 | N40: =F40*I40*L40 -> 6400000
E41: 미지급인력 | F41: 100000 | G41: 원 | H41: × | I41: 1 | J41: 인 | K41: x | L41: 8 | M41: 개월 | N41: =F41*I41*L41 -> 800000
C42: ■ 회의비 | D42: 회의 식·다과비 | E42: 회의비 | F42: 10000 | G42: 원 | H42: x | I42: 20 | J42: 인 | K42: x | L42: 80 | M42: 회 | N42: =F42*I42*L42 -> 16000000
C43: ■ 출장비 | D43: 국내 출장 여비 | E43: 현장 운영 출장 | F43: 10000 | G43: 원 | H43: x | I43: 3 | J43: 인 | K43: x | L43: 145 | M43: 회 | N43: =F43*I43*L43 -> 4350000
C44: ■ 인쇄·복사·인화· 슬라이드 제작비 | D44: 홍보물 인쇄·제작 | E44: 현수막, 리플렛 | F44: 50000 | G44: 원 | H44: × | I44: 10 | J44: 인 | K44: x | L44: 6 | M44: 회 | N44: =F44*I44*L44 -> 3000000
C45: ■ 제세공과·수수료·공공요금 | D45: 정산수수료 | E45: 정산수수료 | F45: 1650000 | G45: 원 | H45: × | I45: 1 | J45: 건 | K45: x | L45: 1 | M45: 회 | N45: =F45*I45*L45 -> 1650000
C46: ■ 사무용품비 | D46: 사무용품 | E46: 문구류 | F46: 200000 | G46: 원 | K46: x | L46: 29 | M46: 회 | N46: =F46*L46 -> 5800000
B47: 사업관리비 소계(2) | N47: =SUM(N34:N46) -> 142800000
A48: 직접비 소계(3) | N48: =N33+N47 -> 952400000
A49: 간접비 | B49: 간접비 | C49: ■ 지원인력 인건비 | D49: 지원인력 인건비 | E49: 지원인력 A | G49: 원 | H49: x | I49: 1 | J49: 인 | K49: x | L49: 8 | M49: 개월 | N49: =F49*I49*L49 -> 0 | O49: =N55/N48 -> 0.049979
E50: 지원인력 A | G50: 원 | H50: x | I50: 1 | J50: 인 | K50: x | L50: 8 | M50: 개월 | N50: =F50*I50*L50 -> 0
C51: ■ 기관 공통경비 | D51: 기관공통비 | E51: 기관공통비 | F51: 5950000 | G51: 원 | H51: x | I51: 1 | J51: 건 | K51: x | L51: 8 | M51: 개월 | N51: =F51*I51*L51 -> 47600000
C52: ■ 장비·시설 구축 및 운영비 | D52: 장비 구축비 | E52: 보관함(서랍) | G52: 원 | H52: x | I52: 2 | J52: 대 | K52: x | L52: 2 | M52: 회 | N52: =F52*I52*L52 -> 0
D53: 비품 구입 | E53: A4용지(세트) | G53: 원 | H53: x | I53: 2 | J53: 세트 | K53: x | L53: 2 | M53: 회 | N53: =F53*I53*L53 -> 0
D54: 공공요금 | E54: 수도, 전기료 등 요금 | G54: 원 | H54: x | I54: 3 | J54: 건 | K54: x | L54: 4 | M54: 개월 | N54: =F54*I54*L54 -> 0
B55: 간접비 소계(4) | N55: =SUM(N49:N54) -> 47600000
A56: 총계 (5)=(3)+(4) | N56: =N48+N55 -> 1000000000

Sheet 8억기준
A1: 총 사업비 산출내역서
A3: 비목 | B3: 세목 | C3: 세세목 | D3: 관리목 | E3: 산출내역 | N3: 금액 | O3: 구성비
E4: 품명 | F4: 금액(공급가액) | G4: 단위 | H4: x | I4: 수량 | J4: 단위 | K4: x | L4: 횟수 | M4: 단위
A5: 직접비 | B5: 사업운영비 | C5: ■ 시설·장비 임차비 | D5: 장비임차 | E5: 노트북 | F5: 40000 | G5: 원 | H5: × | I5: 62 | J5: 대 | K5: × | L5: 8 | M5: 개월 | N5: =F5*I5*L5 -> 19840000 | O5: =N33/N48 -> 0.87066597
D6: 장비임차 | E6: ZOOM 1.7 | F6: 30000 | G6: 원 | H6: × | I6: 1 | J6: 대 | K6: x | L6: 34 | M6: 회 | N6: =F6*I6*L6 -> 1020000
D7: 장비임차 | E7: Gemini, ChatGPT 6.7 | F7: 210000 | G7: 원 | H7: × | I7: 1 | J7: 개 | K7: x | L7: 4 | M7: 회 | N7: =F7*I7*L7 -> 840000
D8: 장비임차 | E8: 클로드6.7 | F8: 1155000 | G8: 원 | H8: × | I8: 1 | J8: 개 | K8: x | L8: 4 | M8: 회 | N8: =F8*I8*L8 -> 4620000
D9: 장비임차 | E9: 캔바5 | F9: 230000 | G9: 원 | H9: × | I9: 1 | J9: 개 | K9: x | L9: 1 | M9: 회 | N9: =F9*I9*L9 -> 230000
C10: ■ 재료구입비 | D10: 교구 구매 (교구, 범용성) | E10: 무선 카메라 | F10: 55000 | G10: 원 | H10: × | I10: 186 | J10: 개 | K10: x | L10: 1 | M10: 회 | N10: =F10*I10*L10 -> 10230000
D11: 교구 구매 (교구, 범용성) | E11: 오토바이, 주행코스, 배터리 | F11: 298000 | G11: 원 | H11: × | I11: 201 | J11: 개 | K11: x | L11: 1 | M11: 회 | N11: =F11*I11*L11 -> 59898000
D12: 교구 구매 (교구, 범용성) | E12: 리치보드, 디스플레이류(4종) | F12: 77000 | G12: 원 | H12: × | I12: 169 | J12: 개 | K12: x | L12: 1 | M12: 회 | N12: =F12*I12*L12 -> 13013000
D13: 교구 구매 (교구, 범용성) | E13: 캐터필러, 무선캠, 집게, 배터리 | F13: 298000 | G13: 원 | H13: × | I13: 218 | J13: 개 | K13: x | L13: 1 | M13: 회 | N13: =F13*I13*L13 -> 64964000
D14: 교구 구매 (교구, 범용성) | E14: 리치보드, 센서류(5종) | F14: 77000 | G14: 원 | H14: × | I14: 175 | J14: 개 | K14: x | L14: 1 | M14: 회 | N14: =F14*I14*L14 -> 13475000
D15: 교구 구매 (교구, 범용성) | E15: 더듬이 자동차 + 배터리 | F15: 298000 | G15: 원 | H15: × | I15: 134 | J15: 개 | K15: x | L15: 1 | M15: 회 | N15: =F15*I15*L15 -> 39932000
D16: 교구 구매 (교구, 범용성) | E16: ESP32세트 + 클로드 | F16: 298000 | G16: 원 | H16: × | I16: 108 | J16: 개 | K16: x | L16: 1 | M16: 회 | N16: =F16*I16*L16 -> 32184000
D17: 교구 구매(일회성) | E17: 창산용 문구류 | F17: 5751 | G17: 원 | H17: × | I17: 20 | J17: 개 | K17: x | L17: 200 | M17: 회 | N17: =F17*I17*L17 -> 23004000
C18: ■ 인쇄·복사·인화· 슬라이드 제작비 | G18: 원 | H18: × | J18: 부 | K18: x | M18: 회 | N18: =F18*I18*L18 -> 0
C19: ■ 외부 전문가 기술 활용비 | D19: 강사료 | E19: 주강사료 | F19: 75000 | G19: 원 | H19: × | I19: 8 | J19: 인 | K19: x | L19: 253 | M19: 회 | N19: =F19*I19*L19 -> 151800000
D20: 강사료 | E20: 보조강사료 | F20: 45000 | G20: 원 | H20: x | I20: 8 | J20: 인 | K20: x | L20: 253 | M20: 회 | N20: =F20*I20*L20 -> 91080000
D21: 외부전문가 활용 | E21: 자문 및 강사교육용 강사료 | F21: 100000 | G21: 원 | H21: x | I21: 1 | J21: 인 | K21: x | L21: 0 | M21: 회 | N21: =F21*I21*L21 -> 0 | P21: 2차 협약금 입금 후 처리예정
D22: 외부전문가 활용 | E22: 교육 프로그램 고도화 | F22: 250000 | G22: 원 | H22: × | I22: 1 | J22: 인 | K22: x | L22: 0 | M22: 회 | N22: =F22*I22*L22 -> 0 | P22: 2차 협약금 입금 후 처리예정
D23: 교통비 | E23: 교통비 | F23: 10000 | G23: 원 | H23: × | I23: 1 | J23: 인 | K23: x | L23: 179 | M23: 회 | N23: =F23*I23*L23 -> 1790000
C24: ■ 일용직활용비 | D24: 단기근로자 활용 | E24: 안전관리요원 | F24: 20000 | G24: 원 | H24: x | I24: 8 | J24: 인 | K24: x | L24: 160 | M24: 회 | N24: =F24*I24*L24 -> 25600000
E25: 진행요원 | F25: 20000 | G25: 원 | H25: x | I25: 8 | J25: 인 | K25: x | L25: 160 | M25: 회 | N25: =F25*I25*L25 -> 25600000
C26: ■ 회의비 | D26: 행사 식다과비 | E26: 성과공유회, 강사교육 식비/임차료 | F26: 25000 | G26: 원 | H26: x | I26: 40 | J26: 인 | K26: x | L26: 6 | M26: 회 | N26: =F26*I26*L26 -> 6000000
D27: 교육생 식다과비 | E27: 강사. 학생 식비, 다과비 | F27: 10000 | G27: 원 | H27: x | I27: 22 | J27: 인 | K27: x | L27: 331 | M27: 회 | N27: =F27*I27*L27 -> 72820000
C28: ■ 제세공과·수수료·공공요금 | D28: 보험료 | E28: 보험료 | F28: 500 | G28: 원 | H28: x | I28: 20 | J28: 인 | K28: x | L28: 143 | M28: 회 | N28: =F28*I28*L28 -> 1430000
N29: =F29*I29*L29 -> 0
C30: ■ 우편요금·택배비 | D30: 운송 비용 | E30: 택배비(교구, 노트북 등) | F30: 10000 | G30: 원 | H30: x | I30: 32 | J30: 반 | K30: x | L30: 19 | M30: 회 | N30: =F30*I30*L30 -> 6080000
N31: =F31*I31*L31 -> 0
C32: ■ 기타 경비 | N32: =F32*I32*L32 -> 0
B33: 사업운영비 소계(1) | N33: =SUM(N5:N32) -> 665450000
B34: 사업관리비 | C34: ■ 내부 인건비 | D34: 참여 인력 인건비 | E34: 행정연구원(강혜영) | F34: 4800000 | G34: 원 | H34: × | I34: 1 | J34: (참여율) | K34: x | L34: 5 | M34: 개월 | N34: =F34*I34*L34 -> 24000000 | O34: =N47/N48 -> 0.12933403
E35: 행정연구원(이상원) | F35: 3600000 | G35: 원 | H35: × | I35: 1 | J35: (참여율) | K35: x | L35: 6 | M35: 개월 | N35: =F35*I35*L35 -> 21600000
E36: 학생연구원(정의손) | F36: 2200000 | G36: 원 | H36: × | I36: 1 | J36: (참여율) | K36: x | L36: 6 | M36: 개월 | N36: =F36*I36*L36 -> 13200000
E37: 학생연구원(김현일) | F37: 2200000 | G37: 원 | H37: × | I37: 1 | J37: (참여율) | K37: x | L37: 6 | M37: 개월 | N37: =F37*I37*L37 -> 13200000
E38: 보조연구원(학부) | F38: 1200000 | G38: 원 | H38: × | I38: 0.25 | J38: (참여율) | K38: x | L38: 6 | M38: 개월 | N38: =F38*I38*L38 -> 1800000
E39: 보조연구원(학부) | F39: 1200000 | G39: 원 | H39: × | I39: 0.5 | J39: (참여율) | K39: x | L39: 6 | M39: 개월 | N39: =F39*I39*L39 -> 3600000
D40: 참여 인력 사업 수당 | E40: 미지급인력 | F40: 800000 | G40: 원 | H40: × | I40: 1 | J40: 인 | K40: x | L40: 0 | M40: 개월 | N40: =F40*I40*L40 -> 0 | P40: 2차 협약금 입금 후 처리예정
E41: 미지급인력 | F41: 100000 | G41: 원 | H41: × | I41: 1 | J41: 인 | K41: x | L41: 0 | M41: 개월 | N41: =F41*I41*L41 -> 0 | P41: 2차 협약금 입금 후 처리예정
C42: ■ 회의비 | D42: 회의 식·다과비 | E42: 회의비 | F42: 10000 | G42: 원 | H42: x | I42: 20 | J42: 인 | K42: x | L42: 37 | M42: 회 | N42: =F42*I42*L42 -> 7400000
C43: ■ 출장비 | D43: 국내 출장 여비 | E43: 현장 운영 출장 | F43: 10000 | G43: 원 | H43: x | I43: 3 | J43: 인 | K43: x | L43: 120 | M43: 회 | N43: =F43*I43*L43 -> 3600000
C44: ■ 인쇄·복사·인화· 슬라이드 제작비 | D44: 홍보물 인쇄·제작 | E44: 현수막, 리플렛 | F44: 50000 | G44: 원 | H44: × | I44: 10 | J44: 인 | K44: x | L44: 6 | M44: 회 | N44: =F44*I44*L44 -> 3000000
C45: ■ 제세공과·수수료·공공요금 | D45: 정산수수료 | E45: 정산수수료 | F45: 1650000 | G45: 원 | H45: × | I45: 1 | J45: 건 | K45: x | L45: 1 | M45: 회 | N45: =F45*I45*L45 -> 1650000
C46: ■ 사무용품비 | D46: 사무용품 | E46: 문구류 | F46: 200000 | G46: 원 | K46: x | L46: 29 | M46: 회 | N46: =F46*L46 -> 5800000
B47: 사업관리비 소계(2) | N47: =SUM(N34:N46) -> 98850000
A48: 직접비 소계(3) | N48: =N33+N47 -> 764300000
A49: 간접비 | B49: 간접비 | C49: ■ 지원인력 인건비 | D49: 지원인력 인건비 | E49: 지원인력 A | G49: 원 | H49: x | I49: 1 | J49: 인 | K49: x | L49: 8 | M49: 개월 | N49: =F49*I49*L49 -> 0 | O49: =N55/N48 -> 0.046709407
E50: 지원인력 A | G50: 원 | H50: x | I50: 1 | J50: 인 | K50: x | L50: 8 | M50: 개월 | N50: =F50*I50*L50 -> 0
C51: ■ 기관 공통경비 | D51: 기관공통비 | E51: 기관공통비 | F51: 5950000 | G51: 원 | H51: x | I51: 1 | J51: 건 | K51: x | L51: 6 | M51: 개월 | N51: =F51*I51*L51 -> 35700000
C52: ■ 장비·시설 구축 및 운영비 | D52: 장비 구축비 | E52: 보관함(서랍) | G52: 원 | H52: x | I52: 2 | J52: 대 | K52: x | L52: 2 | M52: 회 | N52: =F52*I52*L52 -> 0
D53: 비품 구입 | E53: A4용지(세트) | G53: 원 | H53: x | I53: 2 | J53: 세트 | K53: x | L53: 2 | M53: 회 | N53: =F53*I53*L53 -> 0
D54: 공공요금 | E54: 수도, 전기료 등 요금 | G54: 원 | H54: x | I54: 3 | J54: 건 | K54: x | L54: 4 | M54: 개월 | N54: =F54*I54*L54 -> 0
B55: 간접비 소계(4) | N55: =SUM(N49:N54) -> 35700000
A56: 총계 (5)=(3)+(4) | N56: =N48+N55 -> 800000000

Sheet 8억기준_산단제출용
A1: 총 사업비 산출내역서
A3: 비목 | B3: 세목 | C3: 세세목 | D3: 관리목 | E3: 산출내역 | N3: 금액 | O3: 구성비
E4: 품명 | F4: 금액(공급가액) | G4: 단위 | H4: x | I4: 수량 | J4: 단위 | K4: x | L4: 횟수 | M4: 단위
A5: 직접비 | B5: 사업운영비 | C5: ■ 시설·장비 임차비 | D5: 장비임차 | E5: 노트북 | F5: 40000 | G5: 원 | H5: × | I5: 62 | J5: 대 | K5: × | L5: 8 | M5: 개월 | N5: =F5*I5*L5 -> 19840000 | O5: =N33/N48 -> 0.87066597
D6: 장비임차 | E6: ZOOM 1.7 | F6: 30000 | G6: 원 | H6: × | I6: 1 | J6: 대 | K6: x | L6: 34 | M6: 회 | N6: =F6*I6*L6 -> 1020000
D7: 장비임차 | E7: Gemini, ChatGPT 6.7 | F7: 210000 | G7: 원 | H7: × | I7: 1 | J7: 개 | K7: x | L7: 4 | M7: 회 | N7: =F7*I7*L7 -> 840000
D8: 장비임차 | E8: 클로드6.7 | F8: 1155000 | G8: 원 | H8: × | I8: 1 | J8: 개 | K8: x | L8: 4 | M8: 회 | N8: =F8*I8*L8 -> 4620000
D9: 장비임차 | E9: 캔바5 | F9: 230000 | G9: 원 | H9: × | I9: 1 | J9: 개 | K9: x | L9: 1 | M9: 회 | N9: =F9*I9*L9 -> 230000
C10: ■ 재료구입비 | D10: 교구 구매 (교구, 범용성) | E10: 무선 카메라 | F10: 55000 | G10: 원 | H10: × | I10: 186 | J10: 개 | K10: x | L10: 1 | M10: 회 | N10: =F10*I10*L10 -> 10230000
D11: 교구 구매 (교구, 범용성) | E11: 오토바이, 주행코스, 배터리 | F11: 298000 | G11: 원 | H11: × | I11: 201 | J11: 개 | K11: x | L11: 1 | M11: 회 | N11: =F11*I11*L11 -> 59898000
D12: 교구 구매 (교구, 범용성) | E12: 리치보드, 디스플레이류(4종) | F12: 77000 | G12: 원 | H12: × | I12: 169 | J12: 개 | K12: x | L12: 1 | M12: 회 | N12: =F12*I12*L12 -> 13013000
D13: 교구 구매 (교구, 범용성) | E13: 캐터필러, 무선캠, 집게, 배터리 | F13: 298000 | G13: 원 | H13: × | I13: 218 | J13: 개 | K13: x | L13: 1 | M13: 회 | N13: =F13*I13*L13 -> 64964000
D14: 교구 구매 (교구, 범용성) | E14: 리치보드, 센서류(5종) | F14: 77000 | G14: 원 | H14: × | I14: 175 | J14: 개 | K14: x | L14: 1 | M14: 회 | N14: =F14*I14*L14 -> 13475000
D15: 교구 구매 (교구, 범용성) | E15: 더듬이 자동차 + 배터리 | F15: 298000 | G15: 원 | H15: × | I15: 134 | J15: 개 | K15: x | L15: 1 | M15: 회 | N15: =F15*I15*L15 -> 39932000
D16: 교구 구매 (교구, 범용성) | E16: ESP32세트 + 클로드 | F16: 298000 | G16: 원 | H16: × | I16: 108 | J16: 개 | K16: x | L16: 1 | M16: 회 | N16: =F16*I16*L16 -> 32184000
D17: 교구 구매(일회성) | E17: 창산용 문구류 | F17: 5751 | G17: 원 | H17: × | I17: 20 | J17: 개 | K17: x | L17: 200 | M17: 회 | N17: =F17*I17*L17 -> 23004000
C18: ■ 인쇄·복사·인화· 슬라이드 제작비 | G18: 원 | H18: × | J18: 부 | K18: x | M18: 회 | N18: =F18*I18*L18 -> 0
C19: ■ 외부 전문가 기술 활용비 | D19: 강사료 | E19: 주강사료 | F19: 75000 | G19: 원 | H19: × | I19: 8 | J19: 인 | K19: x | L19: 253 | M19: 회 | N19: =F19*I19*L19 -> 151800000
D20: 강사료 | E20: 보조강사료 | F20: 45000 | G20: 원 | H20: x | I20: 8 | J20: 인 | K20: x | L20: 253 | M20: 회 | N20: =F20*I20*L20 -> 91080000
D21: 외부전문가 활용 | E21: 자문 및 강사교육용 강사료 | F21: 100000 | G21: 원 | H21: x | I21: 1 | J21: 인 | K21: x | L21: 0 | M21: 회 | N21: =F21*I21*L21 -> 0 | P21: 2차 협약금 입금 후 처리예정
D22: 외부전문가 활용 | E22: 교육 프로그램 고도화 | F22: 250000 | G22: 원 | H22: × | I22: 1 | J22: 인 | K22: x | L22: 0 | M22: 회 | N22: =F22*I22*L22 -> 0 | P22: 2차 협약금 입금 후 처리예정
D23: 교통비 | E23: 교통비 | F23: 10000 | G23: 원 | H23: × | I23: 1 | J23: 인 | K23: x | L23: 179 | M23: 회 | N23: =F23*I23*L23 -> 1790000
C24: ■ 일용직활용비 | D24: 단기근로자 활용 | E24: 안전관리요원 | F24: 20000 | G24: 원 | H24: x | I24: 8 | J24: 인 | K24: x | L24: 160 | M24: 회 | N24: =F24*I24*L24 -> 25600000
E25: 진행요원 | F25: 20000 | G25: 원 | H25: x | I25: 8 | J25: 인 | K25: x | L25: 160 | M25: 회 | N25: =F25*I25*L25 -> 25600000
C26: ■ 회의비 | D26: 행사 식다과비 | E26: 성과공유회, 강사교육 식비/임차료 | F26: 25000 | G26: 원 | H26: x | I26: 40 | J26: 인 | K26: x | L26: 6 | M26: 회 | N26: =F26*I26*L26 -> 6000000
D27: 교육생 식다과비 | E27: 강사. 학생 식비, 다과비 | F27: 10000 | G27: 원 | H27: x | I27: 22 | J27: 인 | K27: x | L27: 331 | M27: 회 | N27: =F27*I27*L27 -> 72820000
C28: ■ 제세공과·수수료·공공요금 | D28: 보험료 | E28: 보험료 | F28: 500 | G28: 원 | H28: x | I28: 20 | J28: 인 | K28: x | L28: 143 | M28: 회 | N28: =F28*I28*L28 -> 1430000
N29: =F29*I29*L29 -> 0
C30: ■ 우편요금·택배비 | D30: 운송 비용 | E30: 택배비(교구, 노트북 등) | F30: 10000 | G30: 원 | H30: x | I30: 32 | J30: 반 | K30: x | L30: 19 | M30: 회 | N30: =F30*I30*L30 -> 6080000
N31: =F31*I31*L31 -> 0
C32: ■ 기타 경비 | N32: =F32*I32*L32 -> 0
B33: 사업운영비 소계(1) | N33: =SUM(N5:N32) -> 665450000
B34: 사업관리비 | C34: ■ 내부 인건비 | D34: 참여 인력 인건비 | E34: 행정연구원(강혜영) | F34: 4800000 | G34: 원 | H34: × | I34: 1 | J34: (참여율) | K34: x | L34: 5 | M34: 개월 | N34: =F34*I34*L34 -> 24000000 | O34: =N47/N48 -> 0.12933403
E35: 행정연구원(이상원) | F35: 3600000 | G35: 원 | H35: × | I35: 1 | J35: (참여율) | K35: x | L35: 6 | M35: 개월 | N35: =F35*I35*L35 -> 21600000
E36: 학생연구원(정의손) | F36: 2200000 | G36: 원 | H36: × | I36: 1 | J36: (참여율) | K36: x | L36: 6 | M36: 개월 | N36: =F36*I36*L36 -> 13200000
E37: 학생연구원(김현일) | F37: 2200000 | G37: 원 | H37: × | I37: 1 | J37: (참여율) | K37: x | L37: 6 | M37: 개월 | N37: =F37*I37*L37 -> 13200000
E38: 보조연구원(학부) | F38: 1200000 | G38: 원 | H38: × | I38: 0.25 | J38: (참여율) | K38: x | L38: 6 | M38: 개월 | N38: =F38*I38*L38 -> 1800000
E39: 보조연구원(학부) | F39: 1200000 | G39: 원 | H39: × | I39: 0.5 | J39: (참여율) | K39: x | L39: 6 | M39: 개월 | N39: =F39*I39*L39 -> 3600000
D40: 참여 인력 사업 수당 | E40: 미지급인력 | F40: 800000 | G40: 원 | H40: × | I40: 1 | J40: 인 | K40: x | L40: 0 | M40: 개월 | N40: =F40*I40*L40 -> 0 | P40: 2차 협약금 입금 후 처리예정
E41: 미지급인력 | F41: 100000 | G41: 원 | H41: × | I41: 1 | J41: 인 | K41: x | L41: 0 | M41: 개월 | N41: =F41*I41*L41 -> 0 | P41: 2차 협약금 입금 후 처리예정
C42: ■ 회의비 | D42: 회의 식·다과비 | E42: 회의비 | F42: 10000 | G42: 원 | H42: x | I42: 20 | J42: 인 | K42: x | L42: 37 | M42: 회 | N42: =F42*I42*L42 -> 7400000
C43: ■ 출장비 | D43: 국내 출장 여비 | E43: 현장 운영 출장 | F43: 10000 | G43: 원 | H43: x | I43: 3 | J43: 인 | K43: x | L43: 120 | M43: 회 | N43: =F43*I43*L43 -> 3600000
C44: ■ 인쇄·복사·인화· 슬라이드 제작비 | D44: 홍보물 인쇄·제작 | E44: 현수막, 리플렛 | F44: 50000 | G44: 원 | H44: × | I44: 10 | J44: 인 | K44: x | L44: 6 | M44: 회 | N44: =F44*I44*L44 -> 3000000
C45: ■ 제세공과·수수료·공공요금 | D45: 정산수수료 | E45: 정산수수료 | F45: 1650000 | G45: 원 | H45: × | I45: 1 | J45: 건 | K45: x | L45: 1 | M45: 회 | N45: =F45*I45*L45 -> 1650000
C46: ■ 사무용품비 | D46: 사무용품 | E46: 문구류 | F46: 200000 | G46: 원 | K46: x | L46: 29 | M46: 회 | N46: =F46*L46 -> 5800000
B47: 사업관리비 소계(2) | N47: =SUM(N34:N46) -> 98850000
A48: 직접비 소계(3) | N48: =N33+N47 -> 764300000
A49: 간접비 | B49: 간접비 | C49: ■ 지원인력 인건비 | D49: 지원인력 인건비 | E49: 지원인력 A | G49: 원 | H49: x | I49: 1 | J49: 인 | K49: x | L49: 8 | M49: 개월 | N49: =F49*I49*L49 -> 0 | O49: =N55/N48 -> 0.046709407
E50: 지원인력 A | G50: 원 | H50: x | I50: 1 | J50: 인 | K50: x | L50: 8 | M50: 개월 | N50: =F50*I50*L50 -> 0
C51: ■ 기관 공통경비 | D51: 기관공통비 | E51: 기관공통비 | F51: 5950000 | G51: 원 | H51: x | I51: 1 | J51: 건 | K51: x | L51: 6 | M51: 개월 | N51: =F51*I51*L51 -> 35700000
C52: ■ 장비·시설 구축 및 운영비 | D52: 장비 구축비 | E52: 보관함(서랍) | G52: 원 | H52: x | I52: 2 | J52: 대 | K52: x | L52: 2 | M52: 회 | N52: =F52*I52*L52 -> 0
D53: 비품 구입 | E53: A4용지(세트) | G53: 원 | H53: x | I53: 2 | J53: 세트 | K53: x | L53: 2 | M53: 회 | N53: =F53*I53*L53 -> 0
D54: 공공요금 | E54: 수도, 전기료 등 요금 | G54: 원 | H54: x | I54: 3 | J54: 건 | K54: x | L54: 4 | M54: 개월 | N54: =F54*I54*L54 -> 0
B55: 간접비 소계(4) | N55: =SUM(N49:N54) -> 35700000
A56: 총계 (5)=(3)+(4) | N56: =N48+N55 -> 800000000
